12:25:03  INFO      =======================================================
12:25:03  INFO      Старт  04.03.2026 12:25
12:25:03  INFO      =======================================================
12:25:03  INFO      Считано товаров: 1
12:25:03  INFO      [1/5]  Z257998PG001  —  tpro.by
12:25:06  INFO        ✓ 527.00 р.
12:25:08  INFO      [2/5]  Z257998PG001  —  7745.by
12:25:10  INFO        ✗ HTTP 403
12:25:12  INFO      [3/5]  Z257998PG001  —  voltra.by
12:25:13  INFO        ✗ HTTP 403
12:25:15  INFO      [4/5]  Z257998PG001  —  21vek.by
12:25:17  INFO        ✓ 655.00 р.
12:25:19  INFO      [5/5]  Z257998PG001  —  amd.by
12:25:20  INFO        ✗ HTTP 403
12:25:22  INFO      CSV: результаты.csv
12:25:22  INFO      HTML: результаты.html
12:25:22  INFO      ✅ Дешевле: 0  🔴 Дороже: 2  ⚠️ Ошибок: 3
12:35:18  INFO      =======================================================
12:35:18  INFO      Старт  04.03.2026 12:35
12:35:18  INFO      =======================================================
12:35:18  INFO      Считано товаров: 1
12:35:18  INFO      [1/5]  Z257998PG001  —  tpro.by
12:35:19  INFO        ✓ 527.00 р.
12:35:21  INFO      [2/5]  Z257998PG001  —  7745.by
12:35:22  WARNING     ✗ HTTP 403
12:35:24  INFO      [3/5]  Z257998PG001  —  voltra.by
12:35:25  WARNING     ✗ HTTP 403
12:35:27  INFO      [4/5]  Z257998PG001  —  21vek.by
12:35:28  INFO        ✓ 655.00 р.
12:35:30  INFO      [5/5]  Z257998PG001  —  amd.by
12:35:31  WARNING     ✗ HTTP 403
12:35:33  INFO      CSV: результаты.csv
12:35:33  INFO      HTML: результаты.html
12:35:33  INFO      ✅ Дешевле: 0  🔴 Дороже: 2  ⚠️ Ошибок: 3
12:39:30  INFO      =======================================================
12:39:30  INFO      Старт  04.03.2026 12:39
12:39:30  INFO      =======================================================
12:39:30  INFO      Считано товаров: 1
12:39:30  INFO      [1/5]  Z257998PG001  —  tpro.by
12:39:31  INFO        ✓ 527.00 р.
12:39:33  INFO      [2/5]  Z257998PG001  —  7745.by
12:39:33  WARNING     ✗ HTTP 403
12:39:35  INFO      [3/5]  Z257998PG001  —  voltra.by
12:39:36  WARNING     ✗ HTTP 403
12:39:38  INFO      [4/5]  Z257998PG001  —  21vek.by
12:39:39  INFO        ✓ 655.00 р.
12:39:41  INFO      [5/5]  Z257998PG001  —  amd.by
12:39:42  WARNING     ✗ HTTP 403
12:39:44  INFO      CSV: результаты.csv
12:39:44  INFO      HTML: результаты.html
12:39:44  INFO      ✅ Дешевле: 0  🔴 Дороже: 2  ⚠️ Ошибок: 3
06:57:55  INFO      =======================================================
06:57:55  INFO      Старт  05.03.2026 06:57
06:57:55  INFO      =======================================================
06:57:55  INFO      Считано товаров: 1
06:57:55  INFO      [1/5]  Z257998PG001  —  tpro.by
06:57:57  INFO        ✓ 527.00 р.
06:57:59  INFO      [2/5]  Z257998PG001  —  7745.by
06:57:59  WARNING     ✗ HTTP 403
06:58:01  INFO      [3/5]  Z257998PG001  —  voltra.by
06:58:02  WARNING     ✗ HTTP 403
06:58:04  INFO      [4/5]  Z257998PG001  —  21vek.by
06:58:09  INFO        ✓ 655.00 р.
06:58:11  INFO      [5/5]  Z257998PG001  —  amd.by
06:58:11  WARNING     ✗ HTTP 403
06:58:13  INFO      CSV: результаты.csv
06:58:13  INFO      HTML: результаты.html
06:58:13  INFO      ✅ Дешевле: 0  🔴 Дороже: 2  ⚠️ Ошибок: 3
07:06:50  INFO      =======================================================
07:06:50  INFO      Старт  05.03.2026 07:06
07:06:50  INFO      =======================================================
07:06:50  INFO      Считано товаров: 1
07:06:50  INFO      [1/5]  Z257998PG001  —  tpro.by
07:06:52  INFO        ✓ 527.00 р.
07:06:54  INFO      [2/5]  Z257998PG001  —  7745.by
07:06:54  INFO      Warm-up: https://7745.by
07:06:55  WARNING     ✗ Цена не найдена
07:06:57  INFO      [3/5]  Z257998PG001  —  voltra.by
07:06:58  WARNING     ✗ HTTP 403
07:07:00  INFO      [4/5]  Z257998PG001  —  21vek.by
07:07:02  INFO        ✓ 655.00 р.
07:07:04  INFO      [5/5]  Z257998PG001  —  amd.by
07:07:04  INFO      Warm-up: https://www.amd.by
07:07:06  WARNING     ✗ Цена не найдена
07:07:08  INFO      CSV: результаты.csv
07:07:08  INFO      HTML: результаты.html
07:07:08  INFO      ✅ Дешевле: 0  🔴 Дороже: 2  ⚠️ Ошибок: 3
07:11:17  INFO      =======================================================
07:11:17  INFO      Старт  05.03.2026 07:11
07:11:17  INFO      =======================================================
07:11:17  INFO      Считано товаров: 1
07:11:17  INFO      [1/5]  Z257998PG001  —  tpro.by
07:11:19  INFO        ✓ 527.00 р.
07:11:21  INFO      [2/5]  Z257998PG001  —  7745.by
07:11:21  INFO      Warm-up: https://7745.by
07:11:22  WARNING     ✗ Цена не найдена
07:11:24  INFO      [3/5]  Z257998PG001  —  voltra.by
07:11:25  WARNING     ✗ HTTP 403
07:11:27  INFO      [4/5]  Z257998PG001  —  21vek.by
07:11:30  INFO        ✓ 655.00 р.
07:11:32  INFO      [5/5]  Z257998PG001  —  amd.by
07:11:32  INFO      Warm-up: https://www.amd.by
07:11:33  WARNING     ✗ Цена не найдена
07:11:35  INFO      CSV: результаты.csv
07:11:35  INFO      HTML: результаты.html
07:11:35  INFO      ✅ Дешевле: 0  🔴 Дороже: 2  ⚠️ Ошибок: 3
07:14:45  INFO      =======================================================
07:14:45  INFO      Старт  05.03.2026 07:14
07:14:45  INFO      =======================================================
07:14:45  INFO      Считано товаров: 1
07:14:45  INFO      [1/5]  Z257998PG001  —  tpro.by
07:14:47  INFO        ✓ 527.00 р.
07:14:49  INFO      [2/5]  Z257998PG001  —  7745.by
07:14:49  INFO      Warm-up: https://7745.by
07:14:51  WARNING     ✗ Цена не найдена
07:14:53  INFO      [3/5]  Z257998PG001  —  voltra.by
07:14:53  WARNING     ✗ HTTP 403
07:14:55  INFO      [4/5]  Z257998PG001  —  21vek.by
07:14:58  INFO        ✓ 655.00 р.
07:15:00  INFO      [5/5]  Z257998PG001  —  amd.by
07:15:00  INFO      Warm-up: https://www.amd.by
07:15:01  WARNING     ✗ Цена не найдена
07:15:03  INFO      CSV: результаты.csv
07:15:03  INFO      HTML: результаты.html
07:15:03  INFO      ✅ Дешевле: 0  🔴 Дороже: 2  ⚠️ Ошибок: 3
07:20:24  INFO      =======================================================
07:20:24  INFO      Старт  05.03.2026 07:20
07:20:24  INFO      =======================================================
07:20:24  INFO      Считано товаров: 1
07:20:24  INFO      [1/5]  Z257998PG001  —  tpro.by
07:20:25  INFO        ✓ 527.00 р.
07:20:27  INFO      [2/5]  Z257998PG001  —  7745.by
07:20:27  INFO      Warm-up: https://7745.by
07:20:29  WARNING   Цена не найдена на 7745.by — HTML сохранён в debug_7745_by.html
07:20:29  WARNING     ✗ Цена не найдена
07:20:31  INFO      [3/5]  Z257998PG001  —  voltra.by
07:20:32  WARNING     ✗ HTTP 403
07:20:34  INFO      [4/5]  Z257998PG001  —  21vek.by
07:20:36  INFO        ✓ 655.00 р.
07:20:38  INFO      [5/5]  Z257998PG001  —  amd.by
07:20:38  INFO      Warm-up: https://www.amd.by
07:20:40  WARNING   Цена не найдена на amd.by — HTML сохранён в debug_amd_by.html
07:20:40  WARNING     ✗ Цена не найдена
07:20:42  INFO      CSV: результаты.csv
07:20:42  INFO      HTML: результаты.html
07:20:42  INFO      ✅ Дешевле: 0  🔴 Дороже: 2  ⚠️ Ошибок: 3
07:42:55  INFO      =======================================================
07:42:55  INFO      Старт  05.03.2026 07:42
07:42:55  INFO      =======================================================
07:42:55  INFO      Считано товаров: 1
07:42:55  INFO      [1/5]  Z257998PG001  —  tpro.by
07:42:56  INFO        ✓ 527.00 р.
07:42:58  INFO      [2/5]  Z257998PG001  —  7745.by
07:42:58  INFO      Warm-up: https://7745.by
07:43:00  WARNING   Цена не найдена на 7745.by (HTML: debug_7745_by.html, размер: 1261 байт)
07:43:00  WARNING     ✗ Цена не найдена
07:43:02  INFO      [3/5]  Z257998PG001  —  voltra.by
07:43:03  ERROR     HTTP 403 на voltra.by — геоблок. Запустите парсер локально с ПК.
07:43:03  WARNING     ✗ HTTP 403
07:43:05  INFO      [4/5]  Z257998PG001  —  21vek.by
07:43:07  INFO        ✓ 655.00 р.
07:43:09  INFO      [5/5]  Z257998PG001  —  amd.by
07:43:09  INFO      Warm-up: https://www.amd.by
07:43:11  WARNING   Цена не найдена на amd.by (HTML: debug_amd_by.html, размер: 1261 байт)
07:43:11  WARNING     ✗ Цена не найдена
07:43:13  INFO      CSV: результаты.csv
07:43:13  INFO      HTML: результаты.html
07:43:13  INFO      ✅ Дешевле: 0  🔴 Дороже: 2  ⚠️ Ошибок: 3
06:56:19  INFO      =======================================================
06:56:19  INFO      Старт  06.03.2026 06:56
06:56:19  INFO      =======================================================
06:56:19  INFO      Считано товаров: 1
06:56:19  INFO      [1/5]  Z257998PG001  —  tpro.by
06:56:21  INFO        ✓ 527.00 р.
06:56:23  INFO      [2/5]  Z257998PG001  —  7745.by
06:56:23  INFO      Warm-up: https://7745.by
06:56:25  WARNING   Цена не найдена на 7745.by (HTML: debug_7745_by.html, размер: 1261 байт)
06:56:25  WARNING     ✗ Цена не найдена
06:56:27  INFO      [3/5]  Z257998PG001  —  voltra.by
06:56:28  ERROR     HTTP 403 на voltra.by — геоблок. Запустите парсер локально с ПК.
06:56:28  WARNING     ✗ HTTP 403
06:56:30  INFO      [4/5]  Z257998PG001  —  21vek.by
06:56:32  INFO        ✓ 658.00 р.
06:56:34  INFO      [5/5]  Z257998PG001  —  amd.by
06:56:34  INFO      Warm-up: https://www.amd.by
06:56:36  WARNING   Цена не найдена на amd.by (HTML: debug_amd_by.html, размер: 1261 байт)
06:56:36  WARNING     ✗ Цена не найдена
06:56:38  INFO      CSV: результаты.csv
06:56:38  INFO      HTML: результаты.html
06:56:38  INFO      ✅ Дешевле: 0  🔴 Дороже: 2  ⚠️ Ошибок: 3
06:47:42  INFO      =======================================================
06:47:42  INFO      Старт  07.03.2026 06:47
06:47:42  INFO      =======================================================
06:47:42  INFO      Считано товаров: 1
06:47:42  INFO      [1/5]  Z257998PG001  —  tpro.by
06:47:44  INFO        ✓ 527.00 р.
06:47:46  INFO      [2/5]  Z257998PG001  —  7745.by
06:47:46  INFO      Warm-up: https://7745.by
06:47:48  WARNING   Цена не найдена на 7745.by (HTML: debug_7745_by.html, размер: 1261 байт)
06:47:48  WARNING     ✗ Цена не найдена
06:47:50  INFO      [3/5]  Z257998PG001  —  voltra.by
06:47:51  ERROR     HTTP 403 на voltra.by — геоблок. Запустите парсер локально с ПК.
06:47:51  WARNING     ✗ HTTP 403
06:47:53  INFO      [4/5]  Z257998PG001  —  21vek.by
06:47:56  INFO        ✓ 661.00 р.
06:47:58  INFO      [5/5]  Z257998PG001  —  amd.by
06:47:58  INFO      Warm-up: https://www.amd.by
06:48:00  WARNING   Цена не найдена на amd.by (HTML: debug_amd_by.html, размер: 1261 байт)
06:48:00  WARNING     ✗ Цена не найдена
06:48:02  INFO      CSV: результаты.csv
06:48:02  INFO      HTML: результаты.html
06:48:02  INFO      ✅ Дешевле: 0  🔴 Дороже: 2  ⚠️ Ошибок: 3
06:50:06  INFO      =======================================================
06:50:06  INFO      Старт  08.03.2026 06:50
06:50:06  INFO      =======================================================
06:50:06  INFO      Считано товаров: 1
06:50:06  INFO      [1/5]  Z257998PG001  —  tpro.by
06:50:08  INFO        ✓ 527.00 р.
06:50:10  INFO      [2/5]  Z257998PG001  —  7745.by
06:50:10  INFO      Warm-up: https://7745.by
06:50:12  WARNING   Цена не найдена на 7745.by (HTML: debug_7745_by.html, размер: 1261 байт)
06:50:12  WARNING     ✗ Цена не найдена
06:50:14  INFO      [3/5]  Z257998PG001  —  voltra.by
06:50:14  ERROR     HTTP 403 на voltra.by — геоблок. Запустите парсер локально с ПК.
06:50:14  WARNING     ✗ HTTP 403
06:50:16  INFO      [4/5]  Z257998PG001  —  21vek.by
06:50:18  INFO        ✓ 664.00 р.
06:50:20  INFO      [5/5]  Z257998PG001  —  amd.by
06:50:20  INFO      Warm-up: https://www.amd.by
06:50:22  WARNING   Цена не найдена на amd.by (HTML: debug_amd_by.html, размер: 1261 байт)
06:50:22  WARNING     ✗ Цена не найдена
06:50:24  INFO      CSV: результаты.csv
06:50:24  INFO      HTML: результаты.html
06:50:24  INFO      ✅ Дешевле: 0  🔴 Дороже: 2  ⚠️ Ошибок: 3
07:07:08  INFO      =======================================================
07:07:08  INFO      Старт  09.03.2026 07:07
07:07:08  INFO      =======================================================
07:07:08  INFO      Считано товаров: 1
07:07:08  INFO      [1/5]  Z257998PG001  —  tpro.by
07:07:10  INFO        ✓ 527.00 р.
07:07:12  INFO      [2/5]  Z257998PG001  —  7745.by
07:07:12  INFO      Warm-up: https://7745.by
07:07:14  WARNING   Цена не найдена на 7745.by (HTML: debug_7745_by.html, размер: 1261 байт)
07:07:14  WARNING     ✗ Цена не найдена
07:07:16  INFO      [3/5]  Z257998PG001  —  voltra.by
07:07:17  ERROR     HTTP 403 на voltra.by — геоблок. Запустите парсер локально с ПК.
07:07:17  WARNING     ✗ HTTP 403
07:07:19  INFO      [4/5]  Z257998PG001  —  21vek.by
07:07:21  INFO        ✓ 667.00 р.
07:07:23  INFO      [5/5]  Z257998PG001  —  amd.by
07:07:23  INFO      Warm-up: https://www.amd.by
07:07:25  WARNING   Цена не найдена на amd.by (HTML: debug_amd_by.html, размер: 1261 байт)
07:07:25  WARNING     ✗ Цена не найдена
07:07:27  INFO      CSV: результаты.csv
07:07:27  INFO      HTML: результаты.html
07:07:27  INFO      ✅ Дешевле: 0  🔴 Дороже: 2  ⚠️ Ошибок: 3
06:56:20  INFO      =======================================================
06:56:20  INFO      Старт  10.03.2026 06:56
06:56:20  INFO      =======================================================
06:56:20  INFO      Считано товаров: 1
06:56:20  INFO      [1/5]  Z257998PG001  —  tpro.by
06:56:22  INFO        ✓ 527.00 р.
06:56:24  INFO      [2/5]  Z257998PG001  —  7745.by
06:56:24  INFO      Warm-up: https://7745.by
06:56:26  WARNING   Цена не найдена на 7745.by (HTML: debug_7745_by.html, размер: 1261 байт)
06:56:26  WARNING     ✗ Цена не найдена
06:56:28  INFO      [3/5]  Z257998PG001  —  voltra.by
06:56:28  ERROR     HTTP 403 на voltra.by — геоблок. Запустите парсер локально с ПК.
06:56:28  WARNING     ✗ HTTP 403
06:56:30  INFO      [4/5]  Z257998PG001  —  21vek.by
06:56:31  INFO        ✓ 667.00 р.
06:56:33  INFO      [5/5]  Z257998PG001  —  amd.by
06:56:33  INFO      Warm-up: https://www.amd.by
06:56:35  WARNING   Цена не найдена на amd.by (HTML: debug_amd_by.html, размер: 1261 байт)
06:56:35  WARNING     ✗ Цена не найдена
06:56:37  INFO      CSV: результаты.csv
06:56:37  INFO      HTML: результаты.html
06:56:37  INFO      ✅ Дешевле: 0  🔴 Дороже: 2  ⚠️ Ошибок: 3
06:59:23  INFO      =======================================================
06:59:23  INFO      Старт  11.03.2026 06:59
06:59:23  INFO      =======================================================
06:59:23  INFO      Считано товаров: 1
06:59:23  INFO      [1/5]  Z257998PG001  —  tpro.by
06:59:25  INFO        ✓ 527.00 р.
06:59:27  INFO      [2/5]  Z257998PG001  —  7745.by
06:59:27  INFO      Warm-up: https://7745.by
06:59:29  WARNING   Цена не найдена на 7745.by (HTML: debug_7745_by.html, размер: 1261 байт)
06:59:29  WARNING     ✗ Цена не найдена
06:59:31  INFO      [3/5]  Z257998PG001  —  voltra.by
06:59:32  ERROR     HTTP 403 на voltra.by — геоблок. Запустите парсер локально с ПК.
06:59:32  WARNING     ✗ HTTP 403
06:59:34  INFO      [4/5]  Z257998PG001  —  21vek.by
06:59:36  INFO        ✓ 667.00 р.
06:59:38  INFO      [5/5]  Z257998PG001  —  amd.by
06:59:38  INFO      Warm-up: https://www.amd.by
06:59:40  WARNING   Цена не найдена на amd.by (HTML: debug_amd_by.html, размер: 1261 байт)
06:59:40  WARNING     ✗ Цена не найдена
06:59:42  INFO      CSV: результаты.csv
06:59:42  INFO      HTML: результаты.html
06:59:42  INFO      ✅ Дешевле: 0  🔴 Дороже: 2  ⚠️ Ошибок: 3
07:00:59  INFO      =======================================================
07:00:59  INFO      Старт  12.03.2026 07:00
07:00:59  INFO      =======================================================
07:00:59  INFO      Считано товаров: 1
07:00:59  INFO      [1/5]  Z257998PG001  —  tpro.by
07:01:02  INFO        ✓ 527.00 р.
07:01:04  INFO      [2/5]  Z257998PG001  —  7745.by
07:01:04  INFO      Warm-up: https://7745.by
07:01:06  WARNING   Цена не найдена на 7745.by (HTML: debug_7745_by.html, размер: 1261 байт)
07:01:06  WARNING     ✗ Цена не найдена
07:01:08  INFO      [3/5]  Z257998PG001  —  voltra.by
07:01:09  ERROR     HTTP 403 на voltra.by — геоблок. Запустите парсер локально с ПК.
07:01:09  WARNING     ✗ HTTP 403
07:01:11  INFO      [4/5]  Z257998PG001  —  21vek.by
07:01:13  INFO        ✓ 667.00 р.
07:01:15  INFO      [5/5]  Z257998PG001  —  amd.by
07:01:15  INFO      Warm-up: https://www.amd.by
07:01:17  WARNING   Цена не найдена на amd.by (HTML: debug_amd_by.html, размер: 1261 байт)
07:01:17  WARNING     ✗ Цена не найдена
07:01:19  INFO      CSV: результаты.csv
07:01:19  INFO      HTML: результаты.html
07:01:19  INFO      ✅ Дешевле: 0  🔴 Дороже: 2  ⚠️ Ошибок: 3
06:59:38  INFO      =======================================================
06:59:38  INFO      Старт  13.03.2026 06:59
06:59:38  INFO      =======================================================
06:59:39  INFO      Считано товаров: 1
06:59:39  INFO      [1/5]  Z257998PG001  —  tpro.by
06:59:41  INFO        ✓ 527.00 р.
06:59:43  INFO      [2/5]  Z257998PG001  —  7745.by
06:59:43  INFO      Warm-up: https://7745.by
06:59:45  WARNING   Цена не найдена на 7745.by (HTML: debug_7745_by.html, размер: 1261 байт)
06:59:45  WARNING     ✗ Цена не найдена
06:59:47  INFO      [3/5]  Z257998PG001  —  voltra.by
06:59:47  ERROR     HTTP 403 на voltra.by — геоблок. Запустите парсер локально с ПК.
06:59:47  WARNING     ✗ HTTP 403
06:59:49  INFO      [4/5]  Z257998PG001  —  21vek.by
06:59:51  INFO        ✓ 667.00 р.
06:59:53  INFO      [5/5]  Z257998PG001  —  amd.by
06:59:53  INFO      Warm-up: https://www.amd.by
06:59:55  WARNING   Цена не найдена на amd.by (HTML: debug_amd_by.html, размер: 1261 байт)
06:59:55  WARNING     ✗ Цена не найдена
06:59:57  INFO      CSV: результаты.csv
06:59:57  INFO      HTML: результаты.html
06:59:57  INFO      ✅ Дешевле: 0  🔴 Дороже: 2  ⚠️ Ошибок: 3
06:53:52  INFO      =======================================================
06:53:52  INFO      Старт  14.03.2026 06:53
06:53:52  INFO      =======================================================
06:53:52  INFO      Считано товаров: 1
06:53:52  INFO      [1/5]  Z257998PG001  —  tpro.by
06:53:54  INFO        ✓ 527.00 р.
06:53:56  INFO      [2/5]  Z257998PG001  —  7745.by
06:53:56  INFO      Warm-up: https://7745.by
06:53:58  WARNING   Цена не найдена на 7745.by (HTML: debug_7745_by.html, размер: 1261 байт)
06:53:58  WARNING     ✗ Цена не найдена
06:54:00  INFO      [3/5]  Z257998PG001  —  voltra.by
06:54:00  ERROR     HTTP 403 на voltra.by — геоблок. Запустите парсер локально с ПК.
06:54:00  WARNING     ✗ HTTP 403
06:54:02  INFO      [4/5]  Z257998PG001  —  21vek.by
06:54:03  INFO        ✓ 670.00 р.
06:54:05  INFO      [5/5]  Z257998PG001  —  amd.by
06:54:05  INFO      Warm-up: https://www.amd.by
06:54:07  WARNING   Цена не найдена на amd.by (HTML: debug_amd_by.html, размер: 1261 байт)
06:54:07  WARNING     ✗ Цена не найдена
06:54:09  INFO      CSV: результаты.csv
06:54:09  INFO      HTML: результаты.html
06:54:09  INFO      ✅ Дешевле: 0  🔴 Дороже: 2  ⚠️ Ошибок: 3
07:02:48  INFO      =======================================================
07:02:48  INFO      Старт  15.03.2026 07:02
07:02:48  INFO      =======================================================
07:02:48  INFO      Считано товаров: 1
07:02:48  INFO      [1/5]  Z257998PG001  —  tpro.by
07:02:50  INFO        ✓ 527.00 р.
07:02:52  INFO      [2/5]  Z257998PG001  —  7745.by
07:02:52  INFO      Warm-up: https://7745.by
07:02:55  WARNING   Цена не найдена на 7745.by (HTML: debug_7745_by.html, размер: 1261 байт)
07:02:55  WARNING     ✗ Цена не найдена
07:02:57  INFO      [3/5]  Z257998PG001  —  voltra.by
07:02:58  ERROR     HTTP 403 на voltra.by — геоблок. Запустите парсер локально с ПК.
07:02:58  WARNING     ✗ HTTP 403
07:03:00  INFO      [4/5]  Z257998PG001  —  21vek.by
07:03:02  INFO        ✓ 673.00 р.
07:03:04  INFO      [5/5]  Z257998PG001  —  amd.by
07:03:04  INFO      Warm-up: https://www.amd.by
07:03:06  WARNING   Цена не найдена на amd.by (HTML: debug_amd_by.html, размер: 1261 байт)
07:03:06  WARNING     ✗ Цена не найдена
07:03:08  INFO      CSV: результаты.csv
07:03:08  INFO      HTML: результаты.html
07:03:08  INFO      ✅ Дешевле: 0  🔴 Дороже: 2  ⚠️ Ошибок: 3
07:23:44  INFO      =======================================================
07:23:44  INFO      Старт  16.03.2026 07:23
07:23:44  INFO      =======================================================
07:23:44  INFO      Считано товаров: 1
07:23:44  INFO      [1/5]  Z257998PG001  —  tpro.by
07:23:46  INFO        ✓ 527.00 р.
07:23:48  INFO      [2/5]  Z257998PG001  —  7745.by
07:23:48  INFO      Warm-up: https://7745.by
07:23:52  WARNING   Цена не найдена на 7745.by (HTML: debug_7745_by.html, размер: 1261 байт)
07:23:52  WARNING     ✗ Цена не найдена
07:23:54  INFO      [3/5]  Z257998PG001  —  voltra.by
07:23:54  ERROR     HTTP 403 на voltra.by — геоблок. Запустите парсер локально с ПК.
07:23:54  WARNING     ✗ HTTP 403
07:23:56  INFO      [4/5]  Z257998PG001  —  21vek.by
07:23:59  INFO        ✓ 673.00 р.
07:24:01  INFO      [5/5]  Z257998PG001  —  amd.by
07:24:01  INFO      Warm-up: https://www.amd.by
07:24:03  WARNING   Цена не найдена на amd.by (HTML: debug_amd_by.html, размер: 1261 байт)
07:24:03  WARNING     ✗ Цена не найдена
07:24:05  INFO      CSV: результаты.csv
07:24:05  INFO      HTML: результаты.html
07:24:05  INFO      ✅ Дешевле: 0  🔴 Дороже: 2  ⚠️ Ошибок: 3
07:10:06  INFO      =======================================================
07:10:06  INFO      Старт  17.03.2026 07:10
07:10:06  INFO      =======================================================
07:10:06  INFO      Считано товаров: 1
07:10:06  INFO      [1/5]  Z257998PG001  —  tpro.by
07:10:08  INFO        ✓ 527.00 р.
07:10:10  INFO      [2/5]  Z257998PG001  —  7745.by
07:10:10  INFO      Warm-up: https://7745.by
07:10:13  WARNING   Цена не найдена на 7745.by (HTML: debug_7745_by.html, размер: 1261 байт)
07:10:13  WARNING     ✗ Цена не найдена
07:10:15  INFO      [3/5]  Z257998PG001  —  voltra.by
07:10:16  ERROR     HTTP 403 на voltra.by — геоблок. Запустите парсер локально с ПК.
07:10:16  WARNING     ✗ HTTP 403
07:10:18  INFO      [4/5]  Z257998PG001  —  21vek.by
07:10:20  INFO        ✓ 679.00 р.
07:10:22  INFO      [5/5]  Z257998PG001  —  amd.by
07:10:22  INFO      Warm-up: https://www.amd.by
07:10:24  WARNING   Цена не найдена на amd.by (HTML: debug_amd_by.html, размер: 1261 байт)
07:10:24  WARNING     ✗ Цена не найдена
07:10:26  INFO      CSV: результаты.csv
07:10:26  INFO      HTML: результаты.html
07:10:26  INFO      ✅ Дешевле: 0  🔴 Дороже: 2  ⚠️ Ошибок: 3
07:06:07  INFO      =======================================================
07:06:07  INFO      Старт  18.03.2026 07:06
07:06:07  INFO      =======================================================
07:06:07  INFO      Считано товаров: 1
07:06:07  INFO      [1/5]  Z257998PG001  —  tpro.by
07:06:09  INFO        ✓ 527.00 р.
07:06:11  INFO      [2/5]  Z257998PG001  —  7745.by
07:06:11  INFO      Warm-up: https://7745.by
07:06:13  WARNING   Цена не найдена на 7745.by (HTML: debug_7745_by.html, размер: 1261 байт)
07:06:13  WARNING     ✗ Цена не найдена
07:06:15  INFO      [3/5]  Z257998PG001  —  voltra.by
07:06:16  ERROR     HTTP 403 на voltra.by — геоблок. Запустите парсер локально с ПК.
07:06:16  WARNING     ✗ HTTP 403
07:06:18  INFO      [4/5]  Z257998PG001  —  21vek.by
07:06:20  INFO        ✓ 685.00 р.
07:06:22  INFO      [5/5]  Z257998PG001  —  amd.by
07:06:22  INFO      Warm-up: https://www.amd.by
07:06:24  WARNING   Цена не найдена на amd.by (HTML: debug_amd_by.html, размер: 1261 байт)
07:06:24  WARNING     ✗ Цена не найдена
07:06:26  INFO      CSV: результаты.csv
07:06:26  INFO      HTML: результаты.html
07:06:26  INFO      ✅ Дешевле: 0  🔴 Дороже: 2  ⚠️ Ошибок: 3
07:03:09  INFO      =======================================================
07:03:09  INFO      Старт  19.03.2026 07:03
07:03:09  INFO      =======================================================
07:03:09  INFO      Считано товаров: 1
07:03:09  INFO      [1/5]  Z257998PG001  —  tpro.by
07:03:11  INFO        ✓ 527.00 р.
07:03:13  INFO      [2/5]  Z257998PG001  —  7745.by
07:03:13  INFO      Warm-up: https://7745.by
07:03:15  WARNING   Цена не найдена на 7745.by (HTML: debug_7745_by.html, размер: 1261 байт)
07:03:15  WARNING     ✗ Цена не найдена
07:03:17  INFO      [3/5]  Z257998PG001  —  voltra.by
07:03:18  ERROR     HTTP 403 на voltra.by — геоблок. Запустите парсер локально с ПК.
07:03:18  WARNING     ✗ HTTP 403
07:03:20  INFO      [4/5]  Z257998PG001  —  21vek.by
07:03:21  INFO        ✓ 691.00 р.
07:03:23  INFO      [5/5]  Z257998PG001  —  amd.by
07:03:23  INFO      Warm-up: https://www.amd.by
07:03:25  WARNING   Цена не найдена на amd.by (HTML: debug_amd_by.html, размер: 1261 байт)
07:03:25  WARNING     ✗ Цена не найдена
07:03:27  INFO      CSV: результаты.csv
07:03:27  INFO      HTML: результаты.html
07:03:27  INFO      ✅ Дешевле: 1  🔴 Дороже: 1  ⚠️ Ошибок: 3
07:01:09  INFO      =======================================================
07:01:09  INFO      Старт  20.03.2026 07:01
07:01:09  INFO      =======================================================
07:01:09  INFO      Считано товаров: 1
07:01:09  INFO      [1/5]  Z257998PG001  —  tpro.by
07:01:11  INFO        ✓ 527.00 р.
07:01:13  INFO      [2/5]  Z257998PG001  —  7745.by
07:01:13  INFO      Warm-up: https://7745.by
07:01:15  WARNING   Цена не найдена на 7745.by (HTML: debug_7745_by.html, размер: 1261 байт)
07:01:15  WARNING     ✗ Цена не найдена
07:01:17  INFO      [3/5]  Z257998PG001  —  voltra.by
07:01:18  ERROR     HTTP 403 на voltra.by — геоблок. Запустите парсер локально с ПК.
07:01:18  WARNING     ✗ HTTP 403
07:01:20  INFO      [4/5]  Z257998PG001  —  21vek.by
07:01:21  INFO        ✓ 691.00 р.
07:01:23  INFO      [5/5]  Z257998PG001  —  amd.by
07:01:23  INFO      Warm-up: https://www.amd.by
07:01:25  WARNING   Цена не найдена на amd.by (HTML: debug_amd_by.html, размер: 1261 байт)
07:01:25  WARNING     ✗ Цена не найдена
07:01:27  INFO      CSV: результаты.csv
07:01:27  INFO      HTML: результаты.html
07:01:27  INFO      ✅ Дешевле: 1  🔴 Дороже: 1  ⚠️ Ошибок: 3
06:51:16  INFO      =======================================================
06:51:16  INFO      Старт  21.03.2026 06:51
06:51:16  INFO      =======================================================
06:51:16  INFO      Считано товаров: 1
06:51:16  INFO      [1/5]  Z257998PG001  —  tpro.by
06:51:18  INFO        ✓ 527.00 р.
06:51:20  INFO      [2/5]  Z257998PG001  —  7745.by
06:51:20  INFO      Warm-up: https://7745.by
06:51:22  WARNING   Цена не найдена на 7745.by (HTML: debug_7745_by.html, размер: 1261 байт)
06:51:22  WARNING     ✗ Цена не найдена
06:51:24  INFO      [3/5]  Z257998PG001  —  voltra.by
06:51:25  ERROR     HTTP 403 на voltra.by — геоблок. Запустите парсер локально с ПК.
06:51:25  WARNING     ✗ HTTP 403
06:51:27  INFO      [4/5]  Z257998PG001  —  21vek.by
06:51:28  INFO        ✓ 703.00 р.
06:51:30  INFO      [5/5]  Z257998PG001  —  amd.by
06:51:30  INFO      Warm-up: https://www.amd.by
06:51:32  WARNING   Цена не найдена на amd.by (HTML: debug_amd_by.html, размер: 1261 байт)
06:51:32  WARNING     ✗ Цена не найдена
06:51:34  INFO      CSV: результаты.csv
06:51:34  INFO      HTML: результаты.html
06:51:34  INFO      ✅ Дешевле: 1  🔴 Дороже: 1  ⚠️ Ошибок: 3
06:56:49  INFO      =======================================================
06:56:49  INFO      Старт  22.03.2026 06:56
06:56:49  INFO      =======================================================
06:56:49  INFO      Считано товаров: 1
06:56:49  INFO      [1/5]  Z257998PG001  —  tpro.by
06:56:50  INFO        ✓ 527.00 р.
06:56:52  INFO      [2/5]  Z257998PG001  —  7745.by
06:56:52  INFO      Warm-up: https://7745.by
06:56:55  WARNING   Цена не найдена на 7745.by (HTML: debug_7745_by.html, размер: 1261 байт)
06:56:55  WARNING     ✗ Цена не найдена
06:56:57  INFO      [3/5]  Z257998PG001  —  voltra.by
06:56:57  ERROR     HTTP 403 на voltra.by — геоблок. Запустите парсер локально с ПК.
06:56:57  WARNING     ✗ HTTP 403
06:56:59  INFO      [4/5]  Z257998PG001  —  21vek.by
06:57:00  INFO        ✓ 703.00 р.
06:57:02  INFO      [5/5]  Z257998PG001  —  amd.by
06:57:02  INFO      Warm-up: https://www.amd.by
06:57:04  WARNING   Цена не найдена на amd.by (HTML: debug_amd_by.html, размер: 1261 байт)
06:57:04  WARNING     ✗ Цена не найдена
06:57:06  INFO      CSV: результаты.csv
06:57:06  INFO      HTML: результаты.html
06:57:06  INFO      ✅ Дешевле: 1  🔴 Дороже: 1  ⚠️ Ошибок: 3
07:16:28  INFO      =======================================================
07:16:28  INFO      Старт  23.03.2026 07:16
07:16:28  INFO      =======================================================
07:16:28  INFO      Считано товаров: 1
07:16:28  INFO      [1/5]  Z257998PG001  —  tpro.by
07:16:30  INFO        ✓ 527.00 р.
07:16:32  INFO      [2/5]  Z257998PG001  —  7745.by
07:16:32  INFO      Warm-up: https://7745.by
07:16:34  WARNING   Цена не найдена на 7745.by (HTML: debug_7745_by.html, размер: 1261 байт)
07:16:34  WARNING     ✗ Цена не найдена
07:16:36  INFO      [3/5]  Z257998PG001  —  voltra.by
07:16:37  ERROR     HTTP 403 на voltra.by — геоблок. Запустите парсер локально с ПК.
07:16:37  WARNING     ✗ HTTP 403
07:16:39  INFO      [4/5]  Z257998PG001  —  21vek.by
07:16:40  INFO        ✓ 703.00 р.
07:16:42  INFO      [5/5]  Z257998PG001  —  amd.by
07:16:42  INFO      Warm-up: https://www.amd.by
07:16:44  WARNING   Цена не найдена на amd.by (HTML: debug_amd_by.html, размер: 1261 байт)
07:16:44  WARNING     ✗ Цена не найдена
07:16:46  INFO      CSV: результаты.csv
07:16:46  INFO      HTML: результаты.html
07:16:46  INFO      ✅ Дешевле: 1  🔴 Дороже: 1  ⚠️ Ошибок: 3
07:09:12  INFO      =======================================================
07:09:12  INFO      Старт  24.03.2026 07:09
07:09:12  INFO      =======================================================
07:09:12  INFO      Считано товаров: 1
07:09:12  INFO      [1/5]  Z257998PG001  —  tpro.by
07:09:13  INFO        ✓ 527.00 р.
07:09:15  INFO      [2/5]  Z257998PG001  —  7745.by
07:09:15  INFO      Warm-up: https://7745.by
07:09:17  WARNING   Цена не найдена на 7745.by (HTML: debug_7745_by.html, размер: 1261 байт)
07:09:17  WARNING     ✗ Цена не найдена
07:09:19  INFO      [3/5]  Z257998PG001  —  voltra.by
07:09:19  ERROR     HTTP 403 на voltra.by — геоблок. Запустите парсер локально с ПК.
07:09:19  WARNING     ✗ HTTP 403
07:09:21  INFO      [4/5]  Z257998PG001  —  21vek.by
07:09:23  INFO        ✓ 703.00 р.
07:09:25  INFO      [5/5]  Z257998PG001  —  amd.by
07:09:25  INFO      Warm-up: https://www.amd.by
07:09:27  WARNING   Цена не найдена на amd.by (HTML: debug_amd_by.html, размер: 1261 байт)
07:09:27  WARNING     ✗ Цена не найдена
07:09:29  INFO      CSV: результаты.csv
07:09:29  INFO      HTML: результаты.html
07:09:29  INFO      ✅ Дешевле: 1  🔴 Дороже: 1  ⚠️ Ошибок: 3
07:07:20  INFO      =======================================================
07:07:20  INFO      Старт  25.03.2026 07:07
07:07:20  INFO      =======================================================
07:07:20  INFO      Считано товаров: 1
07:07:20  INFO      [1/5]  Z257998PG001  —  tpro.by
07:07:21  INFO        ✓ 527.00 р.
07:07:23  INFO      [2/5]  Z257998PG001  —  7745.by
07:07:23  INFO      Warm-up: https://7745.by
07:07:26  WARNING   Цена не найдена на 7745.by (HTML: debug_7745_by.html, размер: 1261 байт)
07:07:26  WARNING     ✗ Цена не найдена
07:07:28  INFO      [3/5]  Z257998PG001  —  voltra.by
07:07:29  ERROR     HTTP 403 на voltra.by — геоблок. Запустите парсер локально с ПК.
07:07:29  WARNING     ✗ HTTP 403
07:07:31  INFO      [4/5]  Z257998PG001  —  21vek.by
07:07:37  INFO        ✓ 703.00 р.
07:07:39  INFO      [5/5]  Z257998PG001  —  amd.by
07:07:39  INFO      Warm-up: https://www.amd.by
07:07:40  WARNING   Цена не найдена на amd.by (HTML: debug_amd_by.html, размер: 1261 байт)
07:07:40  WARNING     ✗ Цена не найдена
07:07:42  INFO      CSV: результаты.csv
07:07:42  INFO      HTML: результаты.html
07:07:42  INFO      ✅ Дешевле: 1  🔴 Дороже: 1  ⚠️ Ошибок: 3
07:14:47  INFO      =======================================================
07:14:47  INFO      Старт  26.03.2026 07:14
07:14:47  INFO      =======================================================
07:14:47  INFO      Считано товаров: 1
07:14:47  INFO      [1/5]  Z257998PG001  —  tpro.by
07:14:49  INFO        ✓ 527.00 р.
07:14:51  INFO      [2/5]  Z257998PG001  —  7745.by
07:14:51  INFO      Warm-up: https://7745.by
07:14:52  WARNING   Цена не найдена на 7745.by (HTML: debug_7745_by.html, размер: 1261 байт)
07:14:52  WARNING     ✗ Цена не найдена
07:14:54  INFO      [3/5]  Z257998PG001  —  voltra.by
07:14:55  ERROR     HTTP 403 на voltra.by — геоблок. Запустите парсер локально с ПК.
07:14:55  WARNING     ✗ HTTP 403
07:14:57  INFO      [4/5]  Z257998PG001  —  21vek.by
07:14:58  INFO        ✓ 703.00 р.
07:15:00  INFO      [5/5]  Z257998PG001  —  amd.by
07:15:00  INFO      Warm-up: https://www.amd.by
07:15:02  WARNING   Цена не найдена на amd.by (HTML: debug_amd_by.html, размер: 1261 байт)
07:15:02  WARNING     ✗ Цена не найдена
07:15:04  INFO      CSV: результаты.csv
07:15:04  INFO      HTML: результаты.html
07:15:04  INFO      ✅ Дешевле: 1  🔴 Дороже: 1  ⚠️ Ошибок: 3
07:13:53  INFO      =======================================================
07:13:53  INFO      Старт  27.03.2026 07:13
07:13:53  INFO      =======================================================
07:13:53  INFO      Считано товаров: 1
07:13:53  INFO      [1/5]  Z257998PG001  —  tpro.by
07:13:55  INFO        ✓ 527.00 р.
07:13:57  INFO      [2/5]  Z257998PG001  —  7745.by
07:13:57  INFO      Warm-up: https://7745.by
07:13:58  WARNING   Цена не найдена на 7745.by (HTML: debug_7745_by.html, размер: 1261 байт)
07:13:58  WARNING     ✗ Цена не найдена
07:14:00  INFO      [3/5]  Z257998PG001  —  voltra.by
07:14:01  ERROR     HTTP 403 на voltra.by — геоблок. Запустите парсер локально с ПК.
07:14:01  WARNING     ✗ HTTP 403
07:14:03  INFO      [4/5]  Z257998PG001  —  21vek.by
07:14:04  INFO        ✓ 703.00 р.
07:14:06  INFO      [5/5]  Z257998PG001  —  amd.by
07:14:06  INFO      Warm-up: https://www.amd.by
07:14:08  WARNING   Цена не найдена на amd.by (HTML: debug_amd_by.html, размер: 1261 байт)
07:14:08  WARNING     ✗ Цена не найдена
07:14:10  INFO      CSV: результаты.csv
07:14:10  INFO      HTML: результаты.html
07:14:10  INFO      ✅ Дешевле: 1  🔴 Дороже: 1  ⚠️ Ошибок: 3
07:03:13  INFO      =======================================================
07:03:13  INFO      Старт  28.03.2026 07:03
07:03:13  INFO      =======================================================
07:03:13  INFO      Считано товаров: 1
07:03:13  INFO      [1/5]  Z257998PG001  —  tpro.by
07:03:15  INFO        ✓ 527.00 р.
07:03:17  INFO      [2/5]  Z257998PG001  —  7745.by
07:03:17  INFO      Warm-up: https://7745.by
07:03:19  WARNING   Цена не найдена на 7745.by (HTML: debug_7745_by.html, размер: 1261 байт)
07:03:19  WARNING     ✗ Цена не найдена
07:03:21  INFO      [3/5]  Z257998PG001  —  voltra.by
07:03:21  ERROR     HTTP 403 на voltra.by — геоблок. Запустите парсер локально с ПК.
07:03:21  WARNING     ✗ HTTP 403
07:03:23  INFO      [4/5]  Z257998PG001  —  21vek.by
07:03:25  INFO        ✓ 703.00 р.
07:03:27  INFO      [5/5]  Z257998PG001  —  amd.by
07:03:27  INFO      Warm-up: https://www.amd.by
07:03:29  WARNING   Цена не найдена на amd.by (HTML: debug_amd_by.html, размер: 1261 байт)
07:03:29  WARNING     ✗ Цена не найдена
07:03:31  INFO      CSV: результаты.csv
07:03:31  INFO      HTML: результаты.html
07:03:31  INFO      ✅ Дешевле: 1  🔴 Дороже: 1  ⚠️ Ошибок: 3
07:09:20  INFO      =======================================================
07:09:20  INFO      Старт  29.03.2026 07:09
07:09:20  INFO      =======================================================
07:09:20  INFO      Считано товаров: 1
07:09:20  INFO      [1/5]  Z257998PG001  —  tpro.by
07:09:22  INFO        ✓ 527.00 р.
07:09:24  INFO      [2/5]  Z257998PG001  —  7745.by
07:09:24  INFO      Warm-up: https://7745.by
07:09:25  WARNING   Цена не найдена на 7745.by (HTML: debug_7745_by.html, размер: 1261 байт)
07:09:25  WARNING     ✗ Цена не найдена
07:09:27  INFO      [3/5]  Z257998PG001  —  voltra.by
07:09:28  ERROR     HTTP 403 на voltra.by — геоблок. Запустите парсер локально с ПК.
07:09:28  WARNING     ✗ HTTP 403
07:09:30  INFO      [4/5]  Z257998PG001  —  21vek.by
07:09:31  INFO        ✓ 703.00 р.
07:09:33  INFO      [5/5]  Z257998PG001  —  amd.by
07:09:33  INFO      Warm-up: https://www.amd.by
07:09:35  WARNING   Цена не найдена на amd.by (HTML: debug_amd_by.html, размер: 1261 байт)
07:09:35  WARNING     ✗ Цена не найдена
07:09:37  INFO      CSV: результаты.csv
07:09:37  INFO      HTML: результаты.html
07:09:37  INFO      ✅ Дешевле: 1  🔴 Дороже: 1  ⚠️ Ошибок: 3
07:48:10  INFO      =======================================================
07:48:10  INFO      Старт  30.03.2026 07:48
07:48:10  INFO      =======================================================
07:48:10  INFO      Считано товаров: 1
07:48:10  INFO      [1/5]  Z257998PG001  —  tpro.by
07:48:11  INFO        ✓ 527.00 р.
07:48:13  INFO      [2/5]  Z257998PG001  —  7745.by
07:48:13  INFO      Warm-up: https://7745.by
07:48:14  WARNING   Цена не найдена на 7745.by (HTML: debug_7745_by.html, размер: 1261 байт)
07:48:14  WARNING     ✗ Цена не найдена
07:48:16  INFO      [3/5]  Z257998PG001  —  voltra.by
07:48:17  ERROR     HTTP 403 на voltra.by — геоблок. Запустите парсер локально с ПК.
07:48:17  WARNING     ✗ HTTP 403
07:48:19  INFO      [4/5]  Z257998PG001  —  21vek.by
07:48:20  INFO        ✓ 703.00 р.
07:48:22  INFO      [5/5]  Z257998PG001  —  amd.by
07:48:22  INFO      Warm-up: https://www.amd.by
07:48:24  WARNING   Цена не найдена на amd.by (HTML: debug_amd_by.html, размер: 1261 байт)
07:48:24  WARNING     ✗ Цена не найдена
07:48:26  INFO      CSV: результаты.csv
07:48:26  INFO      HTML: результаты.html
07:48:26  INFO      ✅ Дешевле: 1  🔴 Дороже: 1  ⚠️ Ошибок: 3
07:21:22  INFO      =======================================================
07:21:22  INFO      Старт  31.03.2026 07:21
07:21:22  INFO      =======================================================
07:21:22  INFO      Считано товаров: 1
07:21:22  INFO      [1/5]  Z257998PG001  —  tpro.by
07:21:24  INFO        ✓ 527.00 р.
07:21:26  INFO      [2/5]  Z257998PG001  —  7745.by
07:21:26  INFO      Warm-up: https://7745.by
07:21:27  WARNING   Цена не найдена на 7745.by (HTML: debug_7745_by.html, размер: 1261 байт)
07:21:27  WARNING     ✗ Цена не найдена
07:21:29  INFO      [3/5]  Z257998PG001  —  voltra.by
07:21:30  ERROR     HTTP 403 на voltra.by — геоблок. Запустите парсер локально с ПК.
07:21:30  WARNING     ✗ HTTP 403
07:21:32  INFO      [4/5]  Z257998PG001  —  21vek.by
07:21:33  INFO        ✓ 703.00 р.
07:21:35  INFO      [5/5]  Z257998PG001  —  amd.by
07:21:35  INFO      Warm-up: https://www.amd.by
07:21:36  WARNING   Цена не найдена на amd.by (HTML: debug_amd_by.html, размер: 1261 байт)
07:21:36  WARNING     ✗ Цена не найдена
07:21:38  INFO      CSV: результаты.csv
07:21:38  INFO      HTML: результаты.html
07:21:38  INFO      ✅ Дешевле: 1  🔴 Дороже: 1  ⚠️ Ошибок: 3
07:26:44  INFO      =======================================================
07:26:44  INFO      Старт  01.04.2026 07:26
07:26:44  INFO      =======================================================
07:26:44  INFO      Считано товаров: 1
07:26:44  INFO      [1/5]  Z257998PG001  —  tpro.by
07:26:46  INFO        ✓ 527.00 р.
07:26:48  INFO      [2/5]  Z257998PG001  —  7745.by
07:26:48  INFO      Warm-up: https://7745.by
07:26:50  WARNING   Цена не найдена на 7745.by (HTML: debug_7745_by.html, размер: 1261 байт)
07:26:50  WARNING     ✗ Цена не найдена
07:26:52  INFO      [3/5]  Z257998PG001  —  voltra.by
07:26:54  ERROR     HTTP 403 на voltra.by — геоблок. Запустите парсер локально с ПК.
07:26:54  WARNING     ✗ HTTP 403
07:26:56  INFO      [4/5]  Z257998PG001  —  21vek.by
07:26:57  INFO        ✓ 703.00 р.
07:26:59  INFO      [5/5]  Z257998PG001  —  amd.by
07:26:59  INFO      Warm-up: https://www.amd.by
07:27:01  WARNING   Цена не найдена на amd.by (HTML: debug_amd_by.html, размер: 1261 байт)
07:27:01  WARNING     ✗ Цена не найдена
07:27:03  INFO      CSV: результаты.csv
07:27:03  INFO      HTML: результаты.html
07:27:03  INFO      ✅ Дешевле: 1  🔴 Дороже: 1  ⚠️ Ошибок: 3
07:18:27  INFO      =======================================================
07:18:27  INFO      Старт  02.04.2026 07:18
07:18:27  INFO      =======================================================
07:18:27  INFO      Считано товаров: 1
07:18:27  INFO      [1/5]  Z257998PG001  —  tpro.by
07:18:29  INFO        ✓ 527.00 р.
07:18:31  INFO      [2/5]  Z257998PG001  —  7745.by
07:18:31  INFO      Warm-up: https://7745.by
07:18:33  WARNING   Цена не найдена на 7745.by (HTML: debug_7745_by.html, размер: 1261 байт)
07:18:33  WARNING     ✗ Цена не найдена
07:18:35  INFO      [3/5]  Z257998PG001  —  voltra.by
07:18:35  ERROR     HTTP 403 на voltra.by — геоблок. Запустите парсер локально с ПК.
07:18:35  WARNING     ✗ HTTP 403
07:18:37  INFO      [4/5]  Z257998PG001  —  21vek.by
07:18:39  INFO        ✓ 703.00 р.
07:18:41  INFO      [5/5]  Z257998PG001  —  amd.by
07:18:41  INFO      Warm-up: https://www.amd.by
07:18:46  WARNING   Цена не найдена на amd.by (HTML: debug_amd_by.html, размер: 1261 байт)
07:18:46  WARNING     ✗ Цена не найдена
07:18:48  INFO      CSV: результаты.csv
07:18:48  INFO      HTML: результаты.html
07:18:48  INFO      ✅ Дешевле: 1  🔴 Дороже: 1  ⚠️ Ошибок: 3
07:14:46  INFO      =======================================================
07:14:46  INFO      Старт  03.04.2026 07:14
07:14:46  INFO      =======================================================
07:14:46  INFO      Считано товаров: 1
07:14:46  INFO      [1/5]  Z257998PG001  —  tpro.by
07:14:48  INFO        ✓ 527.00 р.
07:14:50  INFO      [2/5]  Z257998PG001  —  7745.by
07:14:50  INFO      Warm-up: https://7745.by
07:14:51  WARNING   Цена не найдена на 7745.by (HTML: debug_7745_by.html, размер: 1261 байт)
07:14:51  WARNING     ✗ Цена не найдена
07:14:53  INFO      [3/5]  Z257998PG001  —  voltra.by
07:14:54  ERROR     HTTP 403 на voltra.by — геоблок. Запустите парсер локально с ПК.
07:14:54  WARNING     ✗ HTTP 403
07:14:56  INFO      [4/5]  Z257998PG001  —  21vek.by
07:14:57  INFO        ✓ 703.00 р.
07:14:59  INFO      [5/5]  Z257998PG001  —  amd.by
07:14:59  INFO      Warm-up: https://www.amd.by
07:15:01  WARNING   Цена не найдена на amd.by (HTML: debug_amd_by.html, размер: 1261 байт)
07:15:01  WARNING     ✗ Цена не найдена
07:15:03  INFO      CSV: результаты.csv
07:15:03  INFO      HTML: результаты.html
07:15:03  INFO      ✅ Дешевле: 1  🔴 Дороже: 1  ⚠️ Ошибок: 3
07:05:51  INFO      =======================================================
07:05:51  INFO      Старт  04.04.2026 07:05
07:05:51  INFO      =======================================================
07:05:51  INFO      Считано товаров: 1
07:05:51  INFO      [1/5]  Z257998PG001  —  tpro.by
07:05:53  INFO        ✓ 527.00 р.
07:05:55  INFO      [2/5]  Z257998PG001  —  7745.by
07:05:55  INFO      Warm-up: https://7745.by
07:05:57  WARNING   Цена не найдена на 7745.by (HTML: debug_7745_by.html, размер: 1261 байт)
07:05:57  WARNING     ✗ Цена не найдена
07:05:59  INFO      [3/5]  Z257998PG001  —  voltra.by
07:05:59  ERROR     HTTP 403 на voltra.by — геоблок. Запустите парсер локально с ПК.
07:05:59  WARNING     ✗ HTTP 403
07:06:01  INFO      [4/5]  Z257998PG001  —  21vek.by
07:06:03  INFO        ✓ 703.00 р.
07:06:05  INFO      [5/5]  Z257998PG001  —  amd.by
07:06:05  INFO      Warm-up: https://www.amd.by
07:06:06  WARNING   Цена не найдена на amd.by (HTML: debug_amd_by.html, размер: 1261 байт)
07:06:06  WARNING     ✗ Цена не найдена
07:06:08  INFO      CSV: результаты.csv
07:06:08  INFO      HTML: результаты.html
07:06:08  INFO      ✅ Дешевле: 1  🔴 Дороже: 1  ⚠️ Ошибок: 3
07:12:10  INFO      =======================================================
07:12:10  INFO      Старт  05.04.2026 07:12
07:12:10  INFO      =======================================================
07:12:10  INFO      Считано товаров: 1
07:12:10  INFO      [1/5]  Z257998PG001  —  tpro.by
07:12:11  INFO        ✓ 527.00 р.
07:12:13  INFO      [2/5]  Z257998PG001  —  7745.by
07:12:13  INFO      Warm-up: https://7745.by
07:12:15  WARNING   Цена не найдена на 7745.by (HTML: debug_7745_by.html, размер: 1261 байт)
07:12:15  WARNING     ✗ Цена не найдена
07:12:17  INFO      [3/5]  Z257998PG001  —  voltra.by
07:12:17  ERROR     HTTP 403 на voltra.by — геоблок. Запустите парсер локально с ПК.
07:12:17  WARNING     ✗ HTTP 403
07:12:19  INFO      [4/5]  Z257998PG001  —  21vek.by
07:12:21  INFO        ✓ 703.00 р.
07:12:23  INFO      [5/5]  Z257998PG001  —  amd.by
07:12:23  INFO      Warm-up: https://www.amd.by
07:12:24  WARNING   Цена не найдена на amd.by (HTML: debug_amd_by.html, размер: 1261 байт)
07:12:24  WARNING     ✗ Цена не найдена
07:12:26  INFO      CSV: результаты.csv
07:12:26  INFO      HTML: результаты.html
07:12:26  INFO      ✅ Дешевле: 1  🔴 Дороже: 1  ⚠️ Ошибок: 3
07:49:26  INFO      =======================================================
07:49:26  INFO      Старт  06.04.2026 07:49
07:49:26  INFO      =======================================================
07:49:26  INFO      Считано товаров: 1
07:49:26  INFO      [1/5]  Z257998PG001  —  tpro.by
07:49:28  INFO        ✓ 527.00 р.
07:49:30  INFO      [2/5]  Z257998PG001  —  7745.by
07:49:30  INFO      Warm-up: https://7745.by
07:49:31  WARNING   Цена не найдена на 7745.by (HTML: debug_7745_by.html, размер: 1261 байт)
07:49:31  WARNING     ✗ Цена не найдена
07:49:33  INFO      [3/5]  Z257998PG001  —  voltra.by
07:49:34  ERROR     HTTP 403 на voltra.by — геоблок. Запустите парсер локально с ПК.
07:49:34  WARNING     ✗ HTTP 403
07:49:36  INFO      [4/5]  Z257998PG001  —  21vek.by
07:49:38  INFO        ✓ 703.00 р.
07:49:40  INFO      [5/5]  Z257998PG001  —  amd.by
07:49:40  INFO      Warm-up: https://www.amd.by
07:49:41  WARNING   Цена не найдена на amd.by (HTML: debug_amd_by.html, размер: 1261 байт)
07:49:41  WARNING     ✗ Цена не найдена
07:49:43  INFO      CSV: результаты.csv
07:49:43  INFO      HTML: результаты.html
07:49:43  INFO      ✅ Дешевле: 1  🔴 Дороже: 1  ⚠️ Ошибок: 3
07:23:31  INFO      =======================================================
07:23:31  INFO      Старт  07.04.2026 07:23
07:23:31  INFO      =======================================================
07:23:31  INFO      Считано товаров: 1
07:23:31  INFO      [1/5]  Z257998PG001  —  tpro.by
07:23:33  INFO        ✓ 527.00 р.
07:23:35  INFO      [2/5]  Z257998PG001  —  7745.by
07:23:35  INFO      Warm-up: https://7745.by
07:23:37  WARNING   Цена не найдена на 7745.by (HTML: debug_7745_by.html, размер: 1261 байт)
07:23:37  WARNING     ✗ Цена не найдена
07:23:39  INFO      [3/5]  Z257998PG001  —  voltra.by
07:23:39  ERROR     HTTP 403 на voltra.by — геоблок. Запустите парсер локально с ПК.
07:23:39  WARNING     ✗ HTTP 403
07:23:41  INFO      [4/5]  Z257998PG001  —  21vek.by
07:23:43  INFO        ✓ 703.00 р.
07:23:45  INFO      [5/5]  Z257998PG001  —  amd.by
07:23:45  INFO      Warm-up: https://www.amd.by
07:23:46  WARNING   Цена не найдена на amd.by (HTML: debug_amd_by.html, размер: 1261 байт)
07:23:46  WARNING     ✗ Цена не найдена
07:23:48  INFO      CSV: результаты.csv
07:23:48  INFO      HTML: результаты.html
07:23:48  INFO      ✅ Дешевле: 1  🔴 Дороже: 1  ⚠️ Ошибок: 3
07:26:51  INFO      =======================================================
07:26:51  INFO      Старт  08.04.2026 07:26
07:26:51  INFO      =======================================================
07:26:51  INFO      Считано товаров: 1
07:26:51  INFO      [1/5]  Z257998PG001  —  tpro.by
07:26:53  INFO        ✓ 527.00 р.
07:26:55  INFO      [2/5]  Z257998PG001  —  7745.by
07:26:55  INFO      Warm-up: https://7745.by
07:26:56  WARNING   Цена не найдена на 7745.by (HTML: debug_7745_by.html, размер: 1261 байт)
07:26:56  WARNING     ✗ Цена не найдена
07:26:58  INFO      [3/5]  Z257998PG001  —  voltra.by
07:26:59  ERROR     HTTP 403 на voltra.by — геоблок. Запустите парсер локально с ПК.
07:26:59  WARNING     ✗ HTTP 403
07:27:01  INFO      [4/5]  Z257998PG001  —  21vek.by
07:27:03  INFO        ✓ 703.00 р.
07:27:05  INFO      [5/5]  Z257998PG001  —  amd.by
07:27:05  INFO      Warm-up: https://www.amd.by
07:27:07  WARNING   Цена не найдена на amd.by (HTML: debug_amd_by.html, размер: 1261 байт)
07:27:07  WARNING     ✗ Цена не найдена
07:27:09  INFO      CSV: результаты.csv
07:27:09  INFO      HTML: результаты.html
07:27:09  INFO      ✅ Дешевле: 1  🔴 Дороже: 1  ⚠️ Ошибок: 3
07:42:30  INFO      =======================================================
07:42:30  INFO      Старт  09.04.2026 07:42
07:42:30  INFO      =======================================================
07:42:30  INFO      Считано товаров: 1
07:42:30  INFO      [1/5]  Z257998PG001  —  tpro.by
07:42:33  INFO        ✓ 527.00 р.
07:42:35  INFO      [2/5]  Z257998PG001  —  7745.by
07:42:35  INFO      Warm-up: https://7745.by
07:42:37  WARNING   Цена не найдена на 7745.by (HTML: debug_7745_by.html, размер: 1261 байт)
07:42:37  WARNING     ✗ Цена не найдена
07:42:39  INFO      [3/5]  Z257998PG001  —  voltra.by
07:42:39  ERROR     HTTP 403 на voltra.by — геоблок. Запустите парсер локально с ПК.
07:42:39  WARNING     ✗ HTTP 403
07:42:41  INFO      [4/5]  Z257998PG001  —  21vek.by
07:42:43  INFO        ✓ 703.00 р.
07:42:45  INFO      [5/5]  Z257998PG001  —  amd.by
07:42:45  INFO      Warm-up: https://www.amd.by
07:42:47  WARNING   Цена не найдена на amd.by (HTML: debug_amd_by.html, размер: 1261 байт)
07:42:47  WARNING     ✗ Цена не найдена
07:42:49  INFO      CSV: результаты.csv
07:42:49  INFO      HTML: результаты.html
07:42:49  INFO      ✅ Дешевле: 1  🔴 Дороже: 1  ⚠️ Ошибок: 3
07:47:33  INFO      =======================================================
07:47:33  INFO      Старт  10.04.2026 07:47
07:47:33  INFO      =======================================================
07:47:33  INFO      Считано товаров: 1
07:47:33  INFO      [1/5]  Z257998PG001  —  tpro.by
07:47:35  INFO        ✓ 527.00 р.
07:47:37  INFO      [2/5]  Z257998PG001  —  7745.by
07:47:37  INFO      Warm-up: https://7745.by
07:47:39  WARNING   Цена не найдена на 7745.by (HTML: debug_7745_by.html, размер: 1261 байт)
07:47:39  WARNING     ✗ Цена не найдена
07:47:41  INFO      [3/5]  Z257998PG001  —  voltra.by
07:47:41  ERROR     HTTP 403 на voltra.by — геоблок. Запустите парсер локально с ПК.
07:47:41  WARNING     ✗ HTTP 403
07:47:43  INFO      [4/5]  Z257998PG001  —  21vek.by
07:47:45  INFO        ✓ 703.00 р.
07:47:47  INFO      [5/5]  Z257998PG001  —  amd.by
07:47:47  INFO      Warm-up: https://www.amd.by
07:47:49  WARNING   Цена не найдена на amd.by (HTML: debug_amd_by.html, размер: 1261 байт)
07:47:49  WARNING     ✗ Цена не найдена
07:47:51  INFO      CSV: результаты.csv
07:47:51  INFO      HTML: результаты.html
07:47:51  INFO      ✅ Дешевле: 1  🔴 Дороже: 1  ⚠️ Ошибок: 3
07:04:47  INFO      =======================================================
07:04:47  INFO      Старт  11.04.2026 07:04
07:04:47  INFO      =======================================================
07:04:47  INFO      Считано товаров: 1
07:04:47  INFO      [1/5]  Z257998PG001  —  tpro.by
07:04:48  INFO        ✓ 527.00 р.
07:04:50  INFO      [2/5]  Z257998PG001  —  7745.by
07:04:50  INFO      Warm-up: https://7745.by
07:04:52  WARNING   Цена не найдена на 7745.by (HTML: debug_7745_by.html, размер: 1261 байт)
07:04:52  WARNING     ✗ Цена не найдена
07:04:54  INFO      [3/5]  Z257998PG001  —  voltra.by
07:04:55  ERROR     HTTP 403 на voltra.by — геоблок. Запустите парсер локально с ПК.
07:04:55  WARNING     ✗ HTTP 403
07:04:57  INFO      [4/5]  Z257998PG001  —  21vek.by
07:04:58  INFO        ✓ 703.00 р.
07:05:00  INFO      [5/5]  Z257998PG001  —  amd.by
07:05:00  INFO      Warm-up: https://www.amd.by
07:05:02  WARNING   Цена не найдена на amd.by (HTML: debug_amd_by.html, размер: 1261 байт)
07:05:02  WARNING     ✗ Цена не найдена
07:05:04  INFO      CSV: результаты.csv
07:05:04  INFO      HTML: результаты.html
07:05:04  INFO      ✅ Дешевле: 1  🔴 Дороже: 1  ⚠️ Ошибок: 3
07:20:12  INFO      =======================================================
07:20:12  INFO      Старт  12.04.2026 07:20
07:20:12  INFO      =======================================================
07:20:12  INFO      Считано товаров: 1
07:20:12  INFO      [1/5]  Z257998PG001  —  tpro.by
07:20:14  INFO        ✓ 527.00 р.
07:20:16  INFO      [2/5]  Z257998PG001  —  7745.by
07:20:16  INFO      Warm-up: https://7745.by
07:20:18  WARNING   Цена не найдена на 7745.by (HTML: debug_7745_by.html, размер: 1261 байт)
07:20:18  WARNING     ✗ Цена не найдена
07:20:20  INFO      [3/5]  Z257998PG001  —  voltra.by
07:20:21  ERROR     HTTP 403 на voltra.by — геоблок. Запустите парсер локально с ПК.
07:20:21  WARNING     ✗ HTTP 403
07:20:23  INFO      [4/5]  Z257998PG001  —  21vek.by
07:20:26  INFO        ✓ 703.00 р.
07:20:28  INFO      [5/5]  Z257998PG001  —  amd.by
07:20:28  INFO      Warm-up: https://www.amd.by
07:20:30  WARNING   Цена не найдена на amd.by (HTML: debug_amd_by.html, размер: 1261 байт)
07:20:30  WARNING     ✗ Цена не найдена
07:20:32  INFO      CSV: результаты.csv
07:20:32  INFO      HTML: результаты.html
07:20:32  INFO      ✅ Дешевле: 1  🔴 Дороже: 1  ⚠️ Ошибок: 3
08:10:03  INFO      =======================================================
08:10:03  INFO      Старт  13.04.2026 08:10
08:10:03  INFO      =======================================================
08:10:03  INFO      Считано товаров: 1
08:10:03  INFO      [1/5]  Z257998PG001  —  tpro.by
08:10:05  INFO        ✓ 527.00 р.
08:10:07  INFO      [2/5]  Z257998PG001  —  7745.by
08:10:07  INFO      Warm-up: https://7745.by
08:10:08  WARNING   Цена не найдена на 7745.by (HTML: debug_7745_by.html, размер: 1261 байт)
08:10:08  WARNING     ✗ Цена не найдена
08:10:10  INFO      [3/5]  Z257998PG001  —  voltra.by
08:10:11  ERROR     HTTP 403 на voltra.by — геоблок. Запустите парсер локально с ПК.
08:10:11  WARNING     ✗ HTTP 403
08:10:13  INFO      [4/5]  Z257998PG001  —  21vek.by
08:10:14  INFO        ✓ 703.00 р.
08:10:16  INFO      [5/5]  Z257998PG001  —  amd.by
08:10:16  INFO      Warm-up: https://www.amd.by
08:10:17  WARNING   Цена не найдена на amd.by (HTML: debug_amd_by.html, размер: 1261 байт)
08:10:17  WARNING     ✗ Цена не найдена
08:10:19  INFO      CSV: результаты.csv
08:10:19  INFO      HTML: результаты.html
08:10:19  INFO      ✅ Дешевле: 1  🔴 Дороже: 1  ⚠️ Ошибок: 3
07:52:42  INFO      =======================================================
07:52:42  INFO      Старт  14.04.2026 07:52
07:52:42  INFO      =======================================================
07:52:42  INFO      Считано товаров: 1
07:52:42  INFO      [1/5]  Z257998PG001  —  tpro.by
07:52:45  INFO        ✓ 527.00 р.
07:52:47  INFO      [2/5]  Z257998PG001  —  7745.by
07:52:47  INFO      Warm-up: https://7745.by
07:52:49  WARNING   Цена не найдена на 7745.by (HTML: debug_7745_by.html, размер: 1261 байт)
07:52:49  WARNING     ✗ Цена не найдена
07:52:51  INFO      [3/5]  Z257998PG001  —  voltra.by
07:52:51  ERROR     HTTP 403 на voltra.by — геоблок. Запустите парсер локально с ПК.
07:52:51  WARNING     ✗ HTTP 403
07:52:53  INFO      [4/5]  Z257998PG001  —  21vek.by
07:52:55  INFO        ✓ 703.00 р.
07:52:57  INFO      [5/5]  Z257998PG001  —  amd.by
07:52:57  INFO      Warm-up: https://www.amd.by
07:52:59  WARNING   Цена не найдена на amd.by (HTML: debug_amd_by.html, размер: 1261 байт)
07:52:59  WARNING     ✗ Цена не найдена
07:53:01  INFO      CSV: результаты.csv
07:53:01  INFO      HTML: результаты.html
07:53:01  INFO      ✅ Дешевле: 1  🔴 Дороже: 1  ⚠️ Ошибок: 3
07:53:21  INFO      =======================================================
07:53:21  INFO      Старт  15.04.2026 07:53
07:53:21  INFO      =======================================================
07:53:21  INFO      Считано товаров: 1
07:53:21  INFO      [1/5]  Z257998PG001  —  tpro.by
07:53:24  INFO        ✓ 527.00 р.
07:53:26  INFO      [2/5]  Z257998PG001  —  7745.by
07:53:26  INFO      Warm-up: https://7745.by
07:53:28  WARNING   Цена не найдена на 7745.by (HTML: debug_7745_by.html, размер: 1261 байт)
07:53:28  WARNING     ✗ Цена не найдена
07:53:30  INFO      [3/5]  Z257998PG001  —  voltra.by
07:53:30  ERROR     HTTP 403 на voltra.by — геоблок. Запустите парсер локально с ПК.
07:53:30  WARNING     ✗ HTTP 403
07:53:32  INFO      [4/5]  Z257998PG001  —  21vek.by
07:53:34  INFO        ✓ 703.00 р.
07:53:36  INFO      [5/5]  Z257998PG001  —  amd.by
07:53:36  INFO      Warm-up: https://www.amd.by
07:53:37  WARNING   Цена не найдена на amd.by (HTML: debug_amd_by.html, размер: 1261 байт)
07:53:37  WARNING     ✗ Цена не найдена
07:53:39  INFO      CSV: результаты.csv
07:53:39  INFO      HTML: результаты.html
07:53:39  INFO      ✅ Дешевле: 1  🔴 Дороже: 1  ⚠️ Ошибок: 3
07:53:28  INFO      =======================================================
07:53:28  INFO      Старт  16.04.2026 07:53
07:53:28  INFO      =======================================================
07:53:28  INFO      Считано товаров: 1
07:53:28  INFO      [1/5]  Z257998PG001  —  tpro.by
07:53:30  INFO        ✓ 527.00 р.
07:53:32  INFO      [2/5]  Z257998PG001  —  7745.by
07:53:32  INFO      Warm-up: https://7745.by
07:53:34  WARNING   Цена не найдена на 7745.by (HTML: debug_7745_by.html, размер: 1261 байт)
07:53:34  WARNING     ✗ Цена не найдена
07:53:36  INFO      [3/5]  Z257998PG001  —  voltra.by
07:53:36  ERROR     HTTP 403 на voltra.by — геоблок. Запустите парсер локально с ПК.
07:53:36  WARNING     ✗ HTTP 403
07:53:38  INFO      [4/5]  Z257998PG001  —  21vek.by
07:53:40  INFO        ✓ 703.00 р.
07:53:42  INFO      [5/5]  Z257998PG001  —  amd.by
07:53:42  INFO      Warm-up: https://www.amd.by
07:53:43  WARNING   Цена не найдена на amd.by (HTML: debug_amd_by.html, размер: 1261 байт)
07:53:43  WARNING     ✗ Цена не найдена
07:53:45  INFO      CSV: результаты.csv
07:53:45  INFO      HTML: результаты.html
07:53:45  INFO      ✅ Дешевле: 1  🔴 Дороже: 1  ⚠️ Ошибок: 3
07:53:26  INFO      =======================================================
07:53:26  INFO      Старт  17.04.2026 07:53
07:53:26  INFO      =======================================================
07:53:26  INFO      Считано товаров: 1
07:53:26  INFO      [1/5]  Z257998PG001  —  tpro.by
07:53:29  INFO        ✓ 527.00 р.
07:53:31  INFO      [2/5]  Z257998PG001  —  7745.by
07:53:31  INFO      Warm-up: https://7745.by
07:53:33  WARNING   Цена не найдена на 7745.by (HTML: debug_7745_by.html, размер: 1261 байт)
07:53:33  WARNING     ✗ Цена не найдена
07:53:35  INFO      [3/5]  Z257998PG001  —  voltra.by
07:53:35  ERROR     HTTP 403 на voltra.by — геоблок. Запустите парсер локально с ПК.
07:53:35  WARNING     ✗ HTTP 403
07:53:37  INFO      [4/5]  Z257998PG001  —  21vek.by
07:53:38  INFO        ✓ 703.00 р.
07:53:40  INFO      [5/5]  Z257998PG001  —  amd.by
07:53:40  INFO      Warm-up: https://www.amd.by
07:53:42  WARNING   Цена не найдена на amd.by (HTML: debug_amd_by.html, размер: 1261 байт)
07:53:42  WARNING     ✗ Цена не найдена
07:53:44  INFO      CSV: результаты.csv
07:53:44  INFO      HTML: результаты.html
07:53:44  INFO      ✅ Дешевле: 1  🔴 Дороже: 1  ⚠️ Ошибок: 3
07:13:52  INFO      =======================================================
07:13:52  INFO      Старт  18.04.2026 07:13
07:13:52  INFO      =======================================================
07:13:52  INFO      Считано товаров: 1
07:13:52  INFO      [1/5]  Z257998PG001  —  tpro.by
07:13:53  INFO        ✓ 527.00 р.
07:13:55  INFO      [2/5]  Z257998PG001  —  7745.by
07:13:55  INFO      Warm-up: https://7745.by
07:13:57  WARNING   Цена не найдена на 7745.by (HTML: debug_7745_by.html, размер: 1261 байт)
07:13:57  WARNING     ✗ Цена не найдена
07:13:59  INFO      [3/5]  Z257998PG001  —  voltra.by
07:14:00  ERROR     HTTP 403 на voltra.by — геоблок. Запустите парсер локально с ПК.
07:14:00  WARNING     ✗ HTTP 403
07:14:02  INFO      [4/5]  Z257998PG001  —  21vek.by
07:14:03  INFO        ✓ 703.00 р.
07:14:05  INFO      [5/5]  Z257998PG001  —  amd.by
07:14:05  INFO      Warm-up: https://www.amd.by
07:14:07  WARNING   Цена не найдена на amd.by (HTML: debug_amd_by.html, размер: 1261 байт)
07:14:07  WARNING     ✗ Цена не найдена
07:14:09  INFO      CSV: результаты.csv
07:14:09  INFO      HTML: результаты.html
07:14:09  INFO      ✅ Дешевле: 1  🔴 Дороже: 1  ⚠️ Ошибок: 3
07:24:59  INFO      =======================================================
07:24:59  INFO      Старт  19.04.2026 07:24
07:24:59  INFO      =======================================================
07:24:59  INFO      Считано товаров: 1
07:24:59  INFO      [1/5]  Z257998PG001  —  tpro.by
07:25:01  INFO        ✓ 527.00 р.
07:25:03  INFO      [2/5]  Z257998PG001  —  7745.by
07:25:03  INFO      Warm-up: https://7745.by
07:25:05  WARNING   Цена не найдена на 7745.by (HTML: debug_7745_by.html, размер: 1261 байт)
07:25:05  WARNING     ✗ Цена не найдена
07:25:07  INFO      [3/5]  Z257998PG001  —  voltra.by
07:25:07  ERROR     HTTP 403 на voltra.by — геоблок. Запустите парсер локально с ПК.
07:25:07  WARNING     ✗ HTTP 403
07:25:09  INFO      [4/5]  Z257998PG001  —  21vek.by
07:25:11  INFO        ✓ 703.00 р.
07:25:13  INFO      [5/5]  Z257998PG001  —  amd.by
07:25:13  INFO      Warm-up: https://www.amd.by
07:25:14  WARNING   Цена не найдена на amd.by (HTML: debug_amd_by.html, размер: 1261 байт)
07:25:14  WARNING     ✗ Цена не найдена
07:25:16  INFO      CSV: результаты.csv
07:25:16  INFO      HTML: результаты.html
07:25:16  INFO      ✅ Дешевле: 1  🔴 Дороже: 1  ⚠️ Ошибок: 3
08:14:40  INFO      =======================================================
08:14:40  INFO      Старт  20.04.2026 08:14
08:14:40  INFO      =======================================================
08:14:40  INFO      Считано товаров: 1
08:14:40  INFO      [1/5]  Z257998PG001  —  tpro.by
08:14:41  INFO        ✓ 527.00 р.
08:14:43  INFO      [2/5]  Z257998PG001  —  7745.by
08:14:43  INFO      Warm-up: https://7745.by
08:14:45  WARNING   Цена не найдена на 7745.by (HTML: debug_7745_by.html, размер: 1261 байт)
08:14:45  WARNING     ✗ Цена не найдена
08:14:47  INFO      [3/5]  Z257998PG001  —  voltra.by
08:14:48  ERROR     HTTP 403 на voltra.by — геоблок. Запустите парсер локально с ПК.
08:14:48  WARNING     ✗ HTTP 403
08:14:50  INFO      [4/5]  Z257998PG001  —  21vek.by
08:14:51  INFO        ✓ 703.00 р.
08:14:53  INFO      [5/5]  Z257998PG001  —  amd.by
08:14:53  INFO      Warm-up: https://www.amd.by
08:14:55  WARNING   Цена не найдена на amd.by (HTML: debug_amd_by.html, размер: 1261 байт)
08:14:55  WARNING     ✗ Цена не найдена
08:14:57  INFO      CSV: результаты.csv
08:14:57  INFO      HTML: результаты.html
08:14:57  INFO      ✅ Дешевле: 1  🔴 Дороже: 1  ⚠️ Ошибок: 3
07:58:10  INFO      =======================================================
07:58:10  INFO      Старт  21.04.2026 07:58
07:58:10  INFO      =======================================================
07:58:10  INFO      Считано товаров: 1
07:58:10  INFO      [1/5]  Z257998PG001  —  tpro.by
07:58:12  INFO        ✓ 527.00 р.
07:58:14  INFO      [2/5]  Z257998PG001  —  7745.by
07:58:14  INFO      Warm-up: https://7745.by
07:58:15  WARNING   Цена не найдена на 7745.by (HTML: debug_7745_by.html, размер: 1261 байт)
07:58:15  WARNING     ✗ Цена не найдена
07:58:17  INFO      [3/5]  Z257998PG001  —  voltra.by
07:58:18  ERROR     HTTP 403 на voltra.by — геоблок. Запустите парсер локально с ПК.
07:58:18  WARNING     ✗ HTTP 403
07:58:20  INFO      [4/5]  Z257998PG001  —  21vek.by
07:58:22  INFO        ✓ 703.00 р.
07:58:24  INFO      [5/5]  Z257998PG001  —  amd.by
07:58:24  INFO      Warm-up: https://www.amd.by
07:58:26  WARNING   Цена не найдена на amd.by (HTML: debug_amd_by.html, размер: 1261 байт)
07:58:26  WARNING     ✗ Цена не найдена
07:58:28  INFO      CSV: результаты.csv
07:58:28  INFO      HTML: результаты.html
07:58:28  INFO      ✅ Дешевле: 1  🔴 Дороже: 1  ⚠️ Ошибок: 3
07:55:13  INFO      =======================================================
07:55:13  INFO      Старт  22.04.2026 07:55
07:55:13  INFO      =======================================================
07:55:13  INFO      Считано товаров: 1
07:55:13  INFO      [1/5]  Z257998PG001  —  tpro.by
07:55:16  INFO        ✓ 527.00 р.
07:55:18  INFO      [2/5]  Z257998PG001  —  7745.by
07:55:18  INFO      Warm-up: https://7745.by
07:55:19  WARNING   Цена не найдена на 7745.by (HTML: debug_7745_by.html, размер: 1261 байт)
07:55:19  WARNING     ✗ Цена не найдена
07:55:21  INFO      [3/5]  Z257998PG001  —  voltra.by
07:55:22  ERROR     HTTP 403 на voltra.by — геоблок. Запустите парсер локально с ПК.
07:55:22  WARNING     ✗ HTTP 403
07:55:24  INFO      [4/5]  Z257998PG001  —  21vek.by
07:55:29  INFO        ✓ 703.00 р.
07:55:31  INFO      [5/5]  Z257998PG001  —  amd.by
07:55:31  INFO      Warm-up: https://www.amd.by
07:55:33  WARNING   Цена не найдена на amd.by (HTML: debug_amd_by.html, размер: 1261 байт)
07:55:33  WARNING     ✗ Цена не найдена
07:55:35  INFO      CSV: результаты.csv
07:55:35  INFO      HTML: результаты.html
07:55:35  INFO      ✅ Дешевле: 1  🔴 Дороже: 1  ⚠️ Ошибок: 3
08:01:08  INFO      =======================================================
08:01:08  INFO      Старт  23.04.2026 08:01
08:01:08  INFO      =======================================================
08:01:08  INFO      Считано товаров: 1
08:01:08  INFO      [1/5]  Z257998PG001  —  tpro.by
08:01:09  INFO        ✓ 527.00 р.
08:01:11  INFO      [2/5]  Z257998PG001  —  7745.by
08:01:11  INFO      Warm-up: https://7745.by
08:01:13  WARNING   Цена не найдена на 7745.by (HTML: debug_7745_by.html, размер: 1261 байт)
08:01:13  WARNING     ✗ Цена не найдена
08:01:15  INFO      [3/5]  Z257998PG001  —  voltra.by
08:01:16  ERROR     HTTP 403 на voltra.by — геоблок. Запустите парсер локально с ПК.
08:01:16  WARNING     ✗ HTTP 403
08:01:18  INFO      [4/5]  Z257998PG001  —  21vek.by
08:01:29  INFO        ✓ 703.00 р.
08:01:31  INFO      [5/5]  Z257998PG001  —  amd.by
08:01:31  INFO      Warm-up: https://www.amd.by
08:01:33  WARNING   Цена не найдена на amd.by (HTML: debug_amd_by.html, размер: 1261 байт)
08:01:33  WARNING     ✗ Цена не найдена
08:01:35  INFO      CSV: результаты.csv
08:01:35  INFO      HTML: результаты.html
08:01:35  INFO      ✅ Дешевле: 1  🔴 Дороже: 1  ⚠️ Ошибок: 3
08:09:52  INFO      =======================================================
08:09:52  INFO      Старт  24.04.2026 08:09
08:09:52  INFO      =======================================================
08:09:52  INFO      Считано товаров: 1
08:09:52  INFO      [1/5]  Z257998PG001  —  tpro.by
08:09:53  INFO        ✓ 527.00 р.
08:09:55  INFO      [2/5]  Z257998PG001  —  7745.by
08:09:55  INFO      Warm-up: https://7745.by
08:09:57  WARNING   Цена не найдена на 7745.by (HTML: debug_7745_by.html, размер: 1261 байт)
08:09:57  WARNING     ✗ Цена не найдена
08:09:59  INFO      [3/5]  Z257998PG001  —  voltra.by
08:09:59  WARNING   Цена не найдена на voltra.by (HTML: debug_voltra_by.html, размер: 1261 байт)
08:09:59  WARNING     ✗ Цена не найдена
08:10:01  INFO      [4/5]  Z257998PG001  —  21vek.by
08:10:16  WARNING     ✗ Ошибка: HTTPSConnectionPool(host='www.21vek.by', port=443): Max retr
08:10:18  INFO      [5/5]  Z257998PG001  —  amd.by
08:10:18  INFO      Warm-up: https://www.amd.by
08:10:20  WARNING   Цена не найдена на amd.by (HTML: debug_amd_by.html, размер: 1261 байт)
08:10:20  WARNING     ✗ Цена не найдена
08:10:22  INFO      CSV: результаты.csv
08:10:22  INFO      HTML: результаты.html
08:10:22  INFO      ✅ Дешевле: 0  🔴 Дороже: 1  ⚠️ Ошибок: 4
07:23:04  INFO      =======================================================
07:23:04  INFO      Старт  25.04.2026 07:23
07:23:04  INFO      =======================================================
07:23:04  INFO      Считано товаров: 1
07:23:04  INFO      [1/5]  Z257998PG001  —  tpro.by
07:23:07  INFO        ✓ 527.00 р.
07:23:09  INFO      [2/5]  Z257998PG001  —  7745.by
07:23:09  INFO      Warm-up: https://7745.by
07:23:10  WARNING   Цена не найдена на 7745.by (HTML: debug_7745_by.html, размер: 1261 байт)
07:23:10  WARNING     ✗ Цена не найдена
07:23:12  INFO      [3/5]  Z257998PG001  —  voltra.by
07:23:13  ERROR     HTTP 403 на voltra.by — геоблок. Запустите парсер локально с ПК.
07:23:13  WARNING     ✗ HTTP 403
07:23:15  INFO      [4/5]  Z257998PG001  —  21vek.by
07:23:17  INFO        ✓ 703.00 р.
07:23:19  INFO      [5/5]  Z257998PG001  —  amd.by
07:23:19  INFO      Warm-up: https://www.amd.by
07:23:20  WARNING   Цена не найдена на amd.by (HTML: debug_amd_by.html, размер: 1261 байт)
07:23:20  WARNING     ✗ Цена не найдена
07:23:22  INFO      CSV: результаты.csv
07:23:22  INFO      HTML: результаты.html
07:23:22  INFO      ✅ Дешевле: 1  🔴 Дороже: 1  ⚠️ Ошибок: 3
07:44:40  INFO      =======================================================
07:44:40  INFO      Старт  26.04.2026 07:44
07:44:40  INFO      =======================================================
07:44:40  INFO      Считано товаров: 1
07:44:40  INFO      [1/5]  Z257998PG001  —  tpro.by
07:44:41  INFO        ✓ 527.00 р.
07:44:43  INFO      [2/5]  Z257998PG001  —  7745.by
07:44:43  INFO      Warm-up: https://7745.by
07:44:45  WARNING   Цена не найдена на 7745.by (HTML: debug_7745_by.html, размер: 1261 байт)
07:44:45  WARNING     ✗ Цена не найдена
07:44:47  INFO      [3/5]  Z257998PG001  —  voltra.by
07:44:48  WARNING   Цена не найдена на voltra.by (HTML: debug_voltra_by.html, размер: 1261 байт)
07:44:48  WARNING     ✗ Цена не найдена
07:44:50  INFO      [4/5]  Z257998PG001  —  21vek.by
07:44:52  INFO        ✓ 703.00 р.
07:44:54  INFO      [5/5]  Z257998PG001  —  amd.by
07:44:54  INFO      Warm-up: https://www.amd.by
07:44:56  WARNING   Цена не найдена на amd.by (HTML: debug_amd_by.html, размер: 1261 байт)
07:44:56  WARNING     ✗ Цена не найдена
07:44:58  INFO      CSV: результаты.csv
07:44:58  INFO      HTML: результаты.html
07:44:58  INFO      ✅ Дешевле: 1  🔴 Дороже: 1  ⚠️ Ошибок: 3
08:31:28  INFO      =======================================================
08:31:28  INFO      Старт  27.04.2026 08:31
08:31:28  INFO      =======================================================
08:31:28  INFO      Считано товаров: 1
08:31:28  INFO      [1/5]  Z257998PG001  —  tpro.by
08:31:30  INFO        ✓ 527.00 р.
08:31:32  INFO      [2/5]  Z257998PG001  —  7745.by
08:31:32  INFO      Warm-up: https://7745.by
08:31:35  WARNING   Цена не найдена на 7745.by (HTML: debug_7745_by.html, размер: 1261 байт)
08:31:35  WARNING     ✗ Цена не найдена
08:31:37  INFO      [3/5]  Z257998PG001  —  voltra.by
08:31:38  ERROR     HTTP 403 на voltra.by — геоблок. Запустите парсер локально с ПК.
08:31:38  WARNING     ✗ HTTP 403
08:31:40  INFO      [4/5]  Z257998PG001  —  21vek.by
08:31:42  INFO        ✓ 703.00 р.
08:31:44  INFO      [5/5]  Z257998PG001  —  amd.by
08:31:44  INFO      Warm-up: https://www.amd.by
08:31:47  WARNING   Цена не найдена на amd.by (HTML: debug_amd_by.html, размер: 1261 байт)
08:31:47  WARNING     ✗ Цена не найдена
08:31:49  INFO      CSV: результаты.csv
08:31:49  INFO      HTML: результаты.html
08:31:49  INFO      ✅ Дешевле: 1  🔴 Дороже: 1  ⚠️ Ошибок: 3
08:29:42  INFO      =======================================================
08:29:42  INFO      Старт  28.04.2026 08:29
08:29:42  INFO      =======================================================
08:29:42  INFO      Считано товаров: 1
08:29:42  INFO      [1/5]  Z257998PG001  —  tpro.by
08:29:44  INFO        ✓ 527.00 р.
08:29:46  INFO      [2/5]  Z257998PG001  —  7745.by
08:29:46  INFO      Warm-up: https://7745.by
08:29:47  WARNING   Цена не найдена на 7745.by (HTML: debug_7745_by.html, размер: 1261 байт)
08:29:47  WARNING     ✗ Цена не найдена
08:29:49  INFO      [3/5]  Z257998PG001  —  voltra.by
08:29:50  WARNING   Цена не найдена на voltra.by (HTML: debug_voltra_by.html, размер: 1261 байт)
08:29:50  WARNING     ✗ Цена не найдена
08:29:52  INFO      [4/5]  Z257998PG001  —  21vek.by
08:29:53  WARNING   Цена не найдена на 21vek.by (HTML: debug_21vek_by.html, размер: 218970 байт)
08:29:53  WARNING     ✗ Цена не найдена
08:29:55  INFO      [5/5]  Z257998PG001  —  amd.by
08:29:55  INFO      Warm-up: https://www.amd.by
08:29:57  WARNING   Цена не найдена на amd.by (HTML: debug_amd_by.html, размер: 1261 байт)
08:29:57  WARNING     ✗ Цена не найдена
08:29:59  INFO      CSV: результаты.csv
08:29:59  INFO      HTML: результаты.html
08:29:59  INFO      ✅ Дешевле: 0  🔴 Дороже: 1  ⚠️ Ошибок: 4
08:23:51  INFO      =======================================================
08:23:51  INFO      Старт  29.04.2026 08:23
08:23:51  INFO      =======================================================
08:23:51  INFO      Считано товаров: 1
08:23:51  INFO      [1/5]  Z257998PG001  —  tpro.by
08:23:53  INFO        ✓ 527.00 р.
08:23:55  INFO      [2/5]  Z257998PG001  —  7745.by
08:23:55  INFO      Warm-up: https://7745.by
08:23:57  WARNING   Цена не найдена на 7745.by (HTML: debug_7745_by.html, размер: 1261 байт)
08:23:57  WARNING     ✗ Цена не найдена
08:23:59  INFO      [3/5]  Z257998PG001  —  voltra.by
08:24:00  ERROR     HTTP 403 на voltra.by — геоблок. Запустите парсер локально с ПК.
08:24:00  WARNING     ✗ HTTP 403
08:24:02  INFO      [4/5]  Z257998PG001  —  21vek.by
08:24:03  WARNING   Цена не найдена на 21vek.by (HTML: debug_21vek_by.html, размер: 222120 байт)
08:24:03  WARNING     ✗ Цена не найдена
08:24:05  INFO      [5/5]  Z257998PG001  —  amd.by
08:24:05  INFO      Warm-up: https://www.amd.by
08:24:06  WARNING   Цена не найдена на amd.by (HTML: debug_amd_by.html, размер: 1261 байт)
08:24:06  WARNING     ✗ Цена не найдена
08:24:08  INFO      CSV: результаты.csv
08:24:08  INFO      HTML: результаты.html
08:24:08  INFO      ✅ Дешевле: 0  🔴 Дороже: 1  ⚠️ Ошибок: 4
08:26:25  INFO      =======================================================
08:26:25  INFO      Старт  30.04.2026 08:26
08:26:25  INFO      =======================================================
08:26:25  INFO      Считано товаров: 1
08:26:25  INFO      [1/5]  Z257998PG001  —  tpro.by
08:26:26  INFO        ✓ 146.00 р.
08:26:28  INFO      [2/5]  Z257998PG001  —  7745.by
08:26:28  INFO      Warm-up: https://7745.by
08:26:30  WARNING   Цена не найдена на 7745.by (HTML: debug_7745_by.html, размер: 1261 байт)
08:26:30  WARNING     ✗ Цена не найдена
08:26:32  INFO      [3/5]  Z257998PG001  —  voltra.by
08:26:33  ERROR     HTTP 403 на voltra.by — геоблок. Запустите парсер локально с ПК.
08:26:33  WARNING     ✗ HTTP 403
08:26:35  INFO      [4/5]  Z257998PG001  —  21vek.by
08:26:36  WARNING   Цена не найдена на 21vek.by (HTML: debug_21vek_by.html, размер: 222248 байт)
08:26:36  WARNING     ✗ Цена не найдена
08:26:38  INFO      [5/5]  Z257998PG001  —  amd.by
08:26:38  INFO      Warm-up: https://www.amd.by
08:26:40  WARNING   Цена не найдена на amd.by (HTML: debug_amd_by.html, размер: 1261 байт)
08:26:40  WARNING     ✗ Цена не найдена
08:26:42  INFO      CSV: результаты.csv
08:26:42  INFO      HTML: результаты.html
08:26:42  INFO      ✅ Дешевле: 0  🔴 Дороже: 1  ⚠️ Ошибок: 4
08:17:06  INFO      =======================================================
08:17:06  INFO      Старт  01.05.2026 08:17
08:17:06  INFO      =======================================================
08:17:06  INFO      Считано товаров: 1
08:17:06  INFO      [1/5]  Z257998PG001  —  tpro.by
08:17:11  INFO        ✓ 290.00 р.
08:17:13  INFO      [2/5]  Z257998PG001  —  7745.by
08:17:13  INFO      Warm-up: https://7745.by
08:17:15  WARNING   Цена не найдена на 7745.by (HTML: debug_7745_by.html, размер: 1261 байт)
08:17:15  WARNING     ✗ Цена не найдена
08:17:17  INFO      [3/5]  Z257998PG001  —  voltra.by
08:17:18  ERROR     HTTP 403 на voltra.by — геоблок. Запустите парсер локально с ПК.
08:17:18  WARNING     ✗ HTTP 403
08:17:20  INFO      [4/5]  Z257998PG001  —  21vek.by
08:17:22  WARNING   Цена не найдена на 21vek.by (HTML: debug_21vek_by.html, размер: 222321 байт)
08:17:22  WARNING     ✗ Цена не найдена
08:17:24  INFO      [5/5]  Z257998PG001  —  amd.by
08:17:24  INFO      Warm-up: https://www.amd.by
08:17:26  WARNING   Цена не найдена на amd.by (HTML: debug_amd_by.html, размер: 1261 байт)
08:17:26  WARNING     ✗ Цена не найдена
08:17:28  INFO      CSV: результаты.csv
08:17:28  INFO      HTML: результаты.html
08:17:28  INFO      ✅ Дешевле: 0  🔴 Дороже: 1  ⚠️ Ошибок: 4
07:49:13  INFO      =======================================================
07:49:13  INFO      Старт  02.05.2026 07:49
07:49:13  INFO      =======================================================
07:49:13  INFO      Считано товаров: 1
07:49:13  INFO      [1/5]  Z257998PG001  —  tpro.by
07:49:15  INFO        ✓ 290.00 р.
07:49:17  INFO      [2/5]  Z257998PG001  —  7745.by
07:49:17  INFO      Warm-up: https://7745.by
07:49:20  WARNING   Цена не найдена на 7745.by (HTML: debug_7745_by.html, размер: 1261 байт)
07:49:20  WARNING     ✗ Цена не найдена
07:49:22  INFO      [3/5]  Z257998PG001  —  voltra.by
07:49:23  ERROR     HTTP 403 на voltra.by — геоблок. Запустите парсер локально с ПК.
07:49:23  WARNING     ✗ HTTP 403
07:49:25  INFO      [4/5]  Z257998PG001  —  21vek.by
07:49:26  WARNING   Цена не найдена на 21vek.by (HTML: debug_21vek_by.html, размер: 222273 байт)
07:49:26  WARNING     ✗ Цена не найдена
07:49:28  INFO      [5/5]  Z257998PG001  —  amd.by
07:49:28  INFO      Warm-up: https://www.amd.by
07:49:31  WARNING   Цена не найдена на amd.by (HTML: debug_amd_by.html, размер: 1261 байт)
07:49:31  WARNING     ✗ Цена не найдена
07:49:33  INFO      CSV: результаты.csv
07:49:33  INFO      HTML: результаты.html
07:49:33  INFO      ✅ Дешевле: 0  🔴 Дороже: 1  ⚠️ Ошибок: 4
08:04:54  INFO      =======================================================
08:04:54  INFO      Старт  03.05.2026 08:04
08:04:54  INFO      =======================================================
08:04:54  INFO      Считано товаров: 1
08:04:54  INFO      [1/5]  Z257998PG001  —  tpro.by
08:04:56  INFO        ✓ 290.00 р.
08:04:58  INFO      [2/5]  Z257998PG001  —  7745.by
08:04:58  INFO      Warm-up: https://7745.by
08:05:00  WARNING   Цена не найдена на 7745.by (HTML: debug_7745_by.html, размер: 1261 байт)
08:05:00  WARNING     ✗ Цена не найдена
08:05:02  INFO      [3/5]  Z257998PG001  —  voltra.by
08:05:02  ERROR     HTTP 403 на voltra.by — геоблок. Запустите парсер локально с ПК.
08:05:02  WARNING     ✗ HTTP 403
08:05:04  INFO      [4/5]  Z257998PG001  —  21vek.by
08:05:05  WARNING   Цена не найдена на 21vek.by (HTML: debug_21vek_by.html, размер: 222350 байт)
08:05:05  WARNING     ✗ Цена не найдена
08:05:07  INFO      [5/5]  Z257998PG001  —  amd.by
08:05:07  INFO      Warm-up: https://www.amd.by
08:05:09  WARNING   Цена не найдена на amd.by (HTML: debug_amd_by.html, размер: 1261 байт)
08:05:09  WARNING     ✗ Цена не найдена
08:05:11  INFO      CSV: результаты.csv
08:05:11  INFO      HTML: результаты.html
08:05:11  INFO      ✅ Дешевле: 0  🔴 Дороже: 1  ⚠️ Ошибок: 4
08:34:02  INFO      =======================================================
08:34:02  INFO      Старт  04.05.2026 08:34
08:34:02  INFO      =======================================================
08:34:02  INFO      Считано товаров: 1
08:34:02  INFO      [1/5]  Z257998PG001  —  tpro.by
08:34:03  INFO        ✓ 290.00 р.
08:34:05  INFO      [2/5]  Z257998PG001  —  7745.by
08:34:05  INFO      Warm-up: https://7745.by
08:34:07  WARNING   Цена не найдена на 7745.by (HTML: debug_7745_by.html, размер: 1261 байт)
08:34:07  WARNING     ✗ Цена не найдена
08:34:09  INFO      [3/5]  Z257998PG001  —  voltra.by
08:34:10  ERROR     HTTP 403 на voltra.by — геоблок. Запустите парсер локально с ПК.
08:34:10  WARNING     ✗ HTTP 403
08:34:12  INFO      [4/5]  Z257998PG001  —  21vek.by
08:34:14  WARNING   Цена не найдена на 21vek.by (HTML: debug_21vek_by.html, размер: 219148 байт)
08:34:14  WARNING     ✗ Цена не найдена
08:34:16  INFO      [5/5]  Z257998PG001  —  amd.by
08:34:16  INFO      Warm-up: https://www.amd.by
08:34:17  WARNING   Цена не найдена на amd.by (HTML: debug_amd_by.html, размер: 1261 байт)
08:34:17  WARNING     ✗ Цена не найдена
08:34:19  INFO      CSV: результаты.csv
08:34:19  INFO      HTML: результаты.html
08:34:19  INFO      ✅ Дешевле: 0  🔴 Дороже: 1  ⚠️ Ошибок: 4
08:15:38  INFO      =======================================================
08:15:38  INFO      Старт  05.05.2026 08:15
08:15:38  INFO      =======================================================
08:15:38  INFO      Считано товаров: 1
08:15:38  INFO      [1/5]  Z257998PG001  —  tpro.by
08:15:41  INFO        ✓ 295.00 р.
08:15:43  INFO      [2/5]  Z257998PG001  —  7745.by
08:15:43  INFO      Warm-up: https://7745.by
08:15:45  WARNING   Цена не найдена на 7745.by (HTML: debug_7745_by.html, размер: 1261 байт)
08:15:45  WARNING     ✗ Цена не найдена
08:15:47  INFO      [3/5]  Z257998PG001  —  voltra.by
08:15:48  ERROR     HTTP 403 на voltra.by — геоблок. Запустите парсер локально с ПК.
08:15:48  WARNING     ✗ HTTP 403
08:15:50  INFO      [4/5]  Z257998PG001  —  21vek.by
08:15:51  WARNING   Цена не найдена на 21vek.by (HTML: debug_21vek_by.html, размер: 219086 байт)
08:15:51  WARNING     ✗ Цена не найдена
08:15:53  INFO      [5/5]  Z257998PG001  —  amd.by
08:15:53  INFO      Warm-up: https://www.amd.by
08:15:55  WARNING   Цена не найдена на amd.by (HTML: debug_amd_by.html, размер: 1261 байт)
08:15:55  WARNING     ✗ Цена не найдена
08:15:57  INFO      CSV: результаты.csv
08:15:57  INFO      HTML: результаты.html
08:15:57  INFO      ✅ Дешевле: 0  🔴 Дороже: 1  ⚠️ Ошибок: 4
08:38:38  INFO      =======================================================
08:38:38  INFO      Старт  07.05.2026 08:38
08:38:38  INFO      =======================================================
08:38:38  INFO      Считано товаров: 1
08:38:38  INFO      [1/5]  Z257998PG001  —  tpro.by
08:38:41  INFO        ✓ 295.00 р.
08:38:43  INFO      [2/5]  Z257998PG001  —  7745.by
08:38:43  INFO      Warm-up: https://7745.by
08:38:46  WARNING   Цена не найдена на 7745.by (HTML: debug_7745_by.html, размер: 1261 байт)
08:38:46  WARNING     ✗ Цена не найдена
08:38:48  INFO      [3/5]  Z257998PG001  —  voltra.by
08:38:49  ERROR     HTTP 403 на voltra.by — геоблок. Запустите парсер локально с ПК.
08:38:49  WARNING     ✗ HTTP 403
08:38:51  INFO      [4/5]  Z257998PG001  —  21vek.by
08:38:53  WARNING   Цена не найдена на 21vek.by (HTML: debug_21vek_by.html, размер: 222617 байт)
08:38:53  WARNING     ✗ Цена не найдена
08:38:55  INFO      [5/5]  Z257998PG001  —  amd.by
08:38:55  INFO      Warm-up: https://www.amd.by
08:38:57  WARNING   Цена не найдена на amd.by (HTML: debug_amd_by.html, размер: 1261 байт)
08:38:57  WARNING     ✗ Цена не найдена
08:38:59  INFO      CSV: результаты.csv
08:38:59  INFO      HTML: результаты.html
08:38:59  INFO      ✅ Дешевле: 0  🔴 Дороже: 1  ⚠️ Ошибок: 4
07:46:08  INFO      =======================================================
07:46:08  INFO      Старт  08.05.2026 07:46
07:46:08  INFO      =======================================================
07:46:08  INFO      Считано товаров: 1
07:46:08  INFO      [1/5]  Z257998PG001  —  tpro.by
07:46:10  INFO        ✓ 527.00 р.
07:46:12  INFO      [2/5]  Z257998PG001  —  7745.by
07:46:12  INFO      Warm-up: https://7745.by
07:46:14  WARNING   Цена не найдена на 7745.by (HTML: debug_7745_by.html, размер: 1261 байт)
07:46:14  WARNING     ✗ Цена не найдена
07:46:16  INFO      [3/5]  Z257998PG001  —  voltra.by
07:46:16  ERROR     HTTP 403 на voltra.by — геоблок. Запустите парсер локально с ПК.
07:46:16  WARNING     ✗ HTTP 403
07:46:18  INFO      [4/5]  Z257998PG001  —  21vek.by
07:46:20  WARNING   Цена не найдена на 21vek.by (HTML: debug_21vek_by.html, размер: 222527 байт)
07:46:20  WARNING     ✗ Цена не найдена
07:46:22  INFO      [5/5]  Z257998PG001  —  amd.by
07:46:22  INFO      Warm-up: https://www.amd.by
07:46:24  WARNING   Цена не найдена на amd.by (HTML: debug_amd_by.html, размер: 1261 байт)
07:46:24  WARNING     ✗ Цена не найдена
07:46:26  INFO      CSV: результаты.csv
07:46:26  INFO      HTML: результаты.html
07:46:26  INFO      ✅ Дешевле: 0  🔴 Дороже: 1  ⚠️ Ошибок: 4
08:00:30  INFO      =======================================================
08:00:30  INFO      Старт  09.05.2026 08:00
08:00:30  INFO      =======================================================
08:00:30  INFO      Считано товаров: 1
08:00:30  INFO      [1/5]  Z257998PG001  —  tpro.by
08:00:32  INFO        ✓ 527.00 р.
08:00:34  INFO      [2/5]  Z257998PG001  —  7745.by
08:00:34  INFO      Warm-up: https://7745.by
08:00:36  WARNING   Цена не найдена на 7745.by (HTML: debug_7745_by.html, размер: 1261 байт)
08:00:36  WARNING     ✗ Цена не найдена
08:00:38  INFO      [3/5]  Z257998PG001  —  voltra.by
08:00:39  ERROR     HTTP 403 на voltra.by — геоблок. Запустите парсер локально с ПК.
08:00:39  WARNING     ✗ HTTP 403
08:00:41  INFO      [4/5]  Z257998PG001  —  21vek.by
08:00:43  INFO        ✓ 678.00 р.
08:00:45  INFO      [5/5]  Z257998PG001  —  amd.by
08:00:45  INFO      Warm-up: https://www.amd.by
08:00:47  WARNING   Цена не найдена на amd.by (HTML: debug_amd_by.html, размер: 1261 байт)
08:00:47  WARNING     ✗ Цена не найдена
08:00:49  INFO      CSV: результаты.csv
08:00:49  INFO      HTML: результаты.html
08:00:49  INFO      ✅ Дешевле: 0  🔴 Дороже: 2  ⚠️ Ошибок: 3
08:11:45  INFO      =======================================================
08:11:45  INFO      Старт  10.05.2026 08:11
08:11:45  INFO      =======================================================
08:11:45  INFO      Считано товаров: 1
08:11:45  INFO      [1/5]  Z257998PG001  —  tpro.by
08:11:47  INFO        ✓ 527.00 р.
08:11:49  INFO      [2/5]  Z257998PG001  —  7745.by
08:11:49  INFO      Warm-up: https://7745.by
08:11:50  WARNING   Цена не найдена на 7745.by (HTML: debug_7745_by.html, размер: 1261 байт)
08:11:50  WARNING     ✗ Цена не найдена
08:11:52  INFO      [3/5]  Z257998PG001  —  voltra.by
08:11:53  ERROR     HTTP 403 на voltra.by — геоблок. Запустите парсер локально с ПК.
08:11:53  WARNING     ✗ HTTP 403
08:11:55  INFO      [4/5]  Z257998PG001  —  21vek.by
08:11:56  INFO        ✓ 678.00 р.
08:11:58  INFO      [5/5]  Z257998PG001  —  amd.by
08:11:58  INFO      Warm-up: https://www.amd.by
08:12:00  WARNING   Цена не найдена на amd.by (HTML: debug_amd_by.html, размер: 1261 байт)
08:12:00  WARNING     ✗ Цена не найдена
08:12:02  INFO      CSV: результаты.csv
08:12:02  INFO      HTML: результаты.html
08:12:02  INFO      ✅ Дешевле: 0  🔴 Дороже: 2  ⚠️ Ошибок: 3
09:46:40  INFO      =======================================================
09:46:40  INFO      Старт  11.05.2026 09:46
09:46:40  INFO      =======================================================
09:46:40  INFO      Считано товаров: 1
09:46:40  INFO      [1/5]  Z257998PG001  —  tpro.by
09:46:42  INFO        ✓ 527.00 р.
09:46:44  INFO      [2/5]  Z257998PG001  —  7745.by
09:46:44  INFO      Warm-up: https://7745.by
09:46:46  WARNING   Цена не найдена на 7745.by (HTML: debug_7745_by.html, размер: 1261 байт)
09:46:46  WARNING     ✗ Цена не найдена
09:46:48  INFO      [3/5]  Z257998PG001  —  voltra.by
09:46:48  ERROR     HTTP 403 на voltra.by — геоблок. Запустите парсер локально с ПК.
09:46:48  WARNING     ✗ HTTP 403
09:46:50  INFO      [4/5]  Z257998PG001  —  21vek.by
09:46:51  INFO        ✓ 678.00 р.
09:46:53  INFO      [5/5]  Z257998PG001  —  amd.by
09:46:53  INFO      Warm-up: https://www.amd.by
09:46:55  WARNING   Цена не найдена на amd.by (HTML: debug_amd_by.html, размер: 1261 байт)
09:46:55  WARNING     ✗ Цена не найдена
09:46:57  INFO      CSV: результаты.csv
09:46:57  INFO      HTML: результаты.html
09:46:57  INFO      ✅ Дешевле: 0  🔴 Дороже: 2  ⚠️ Ошибок: 3
08:44:36  INFO      =======================================================
08:44:36  INFO      Старт  12.05.2026 08:44
08:44:36  INFO      =======================================================
08:44:36  INFO      Считано товаров: 1
08:44:36  INFO      [1/5]  Z257998PG001  —  tpro.by
08:44:38  INFO        ✓ 527.00 р.
08:44:40  INFO      [2/5]  Z257998PG001  —  7745.by
08:44:40  INFO      Warm-up: https://7745.by
08:44:42  WARNING   Цена не найдена на 7745.by (HTML: debug_7745_by.html, размер: 1261 байт)
08:44:42  WARNING     ✗ Цена не найдена
08:44:44  INFO      [3/5]  Z257998PG001  —  voltra.by
08:44:44  ERROR     HTTP 403 на voltra.by — геоблок. Запустите парсер локально с ПК.
08:44:44  WARNING     ✗ HTTP 403
08:44:46  INFO      [4/5]  Z257998PG001  —  21vek.by
08:44:48  INFO        ✓ 678.00 р.
08:44:50  INFO      [5/5]  Z257998PG001  —  amd.by
08:44:50  INFO      Warm-up: https://www.amd.by
08:44:51  WARNING   Цена не найдена на amd.by (HTML: debug_amd_by.html, размер: 1261 байт)
08:44:51  WARNING     ✗ Цена не найдена
08:44:53  INFO      CSV: результаты.csv
08:44:53  INFO      HTML: результаты.html
08:44:53  INFO      ✅ Дешевле: 0  🔴 Дороже: 2  ⚠️ Ошибок: 3
08:48:48  INFO      =======================================================
08:48:48  INFO      Старт  13.05.2026 08:48
08:48:48  INFO      =======================================================
08:48:48  INFO      Считано товаров: 1
08:48:48  INFO      [1/5]  Z257998PG001  —  tpro.by
08:48:50  INFO        ✓ 527.00 р.
08:48:52  INFO      [2/5]  Z257998PG001  —  7745.by
08:48:52  INFO      Warm-up: https://7745.by
08:48:54  WARNING   Цена не найдена на 7745.by (HTML: debug_7745_by.html, размер: 1261 байт)
08:48:54  WARNING     ✗ Цена не найдена
08:48:56  INFO      [3/5]  Z257998PG001  —  voltra.by
08:48:57  ERROR     HTTP 403 на voltra.by — геоблок. Запустите парсер локально с ПК.
08:48:57  WARNING     ✗ HTTP 403
08:48:59  INFO      [4/5]  Z257998PG001  —  21vek.by
08:49:03  INFO        ✓ 678.00 р.
08:49:05  INFO      [5/5]  Z257998PG001  —  amd.by
08:49:05  INFO      Warm-up: https://www.amd.by
08:49:07  WARNING   Цена не найдена на amd.by (HTML: debug_amd_by.html, размер: 1261 байт)
08:49:07  WARNING     ✗ Цена не найдена
08:49:09  INFO      CSV: результаты.csv
08:49:09  INFO      HTML: результаты.html
08:49:09  INFO      ✅ Дешевле: 0  🔴 Дороже: 2  ⚠️ Ошибок: 3
08:41:54  INFO      =======================================================
08:41:54  INFO      Старт  14.05.2026 08:41
08:41:54  INFO      =======================================================
08:41:54  INFO      Считано товаров: 1
08:41:54  INFO      [1/5]  Z257998PG001  —  tpro.by
08:41:56  INFO        ✓ 146.00 р.
08:41:58  INFO      [2/5]  Z257998PG001  —  7745.by
08:41:58  INFO      Warm-up: https://7745.by
08:42:01  WARNING   Цена не найдена на 7745.by (HTML: debug_7745_by.html, размер: 1261 байт)
08:42:01  WARNING     ✗ Цена не найдена
08:42:03  INFO      [3/5]  Z257998PG001  —  voltra.by
08:42:04  ERROR     HTTP 403 на voltra.by — геоблок. Запустите парсер локально с ПК.
08:42:04  WARNING     ✗ HTTP 403
08:42:06  INFO      [4/5]  Z257998PG001  —  21vek.by
08:42:09  INFO        ✓ 678.00 р.
08:42:11  INFO      [5/5]  Z257998PG001  —  amd.by
08:42:11  INFO      Warm-up: https://www.amd.by
08:42:13  WARNING   Цена не найдена на amd.by (HTML: debug_amd_by.html, размер: 1261 байт)
08:42:13  WARNING     ✗ Цена не найдена
08:42:15  INFO      CSV: результаты.csv
08:42:15  INFO      HTML: результаты.html
08:42:15  INFO      ✅ Дешевле: 0  🔴 Дороже: 2  ⚠️ Ошибок: 3
08:52:23  INFO      =======================================================
08:52:23  INFO      Старт  15.05.2026 08:52
08:52:23  INFO      =======================================================
08:52:23  INFO      Считано товаров: 1
08:52:23  INFO      [1/5]  Z257998PG001  —  tpro.by
08:52:24  INFO        ✓ 295.00 р.
08:52:26  INFO      [2/5]  Z257998PG001  —  7745.by
08:52:26  INFO      Warm-up: https://7745.by
08:52:28  WARNING   Цена не найдена на 7745.by (HTML: debug_7745_by.html, размер: 1261 байт)
08:52:28  WARNING     ✗ Цена не найдена
08:52:30  INFO      [3/5]  Z257998PG001  —  voltra.by
08:52:30  ERROR     HTTP 403 на voltra.by — геоблок. Запустите парсер локально с ПК.
08:52:30  WARNING     ✗ HTTP 403
08:52:32  INFO      [4/5]  Z257998PG001  —  21vek.by
08:52:34  INFO        ✓ 678.00 р.
08:52:36  INFO      [5/5]  Z257998PG001  —  amd.by
08:52:36  INFO      Warm-up: https://www.amd.by
08:52:38  WARNING   Цена не найдена на amd.by (HTML: debug_amd_by.html, размер: 1261 байт)
08:52:38  WARNING     ✗ Цена не найдена
08:52:40  INFO      CSV: результаты.csv
08:52:40  INFO      HTML: результаты.html
08:52:40  INFO      ✅ Дешевле: 0  🔴 Дороже: 2  ⚠️ Ошибок: 3
08:07:58  INFO      =======================================================
08:07:58  INFO      Старт  16.05.2026 08:07
08:07:58  INFO      =======================================================
08:07:58  INFO      Считано товаров: 1
08:07:58  INFO      [1/5]  Z257998PG001  —  tpro.by
08:08:00  INFO        ✓ 295.00 р.
08:08:02  INFO      [2/5]  Z257998PG001  —  7745.by
08:08:02  INFO      Warm-up: https://7745.by
08:08:03  WARNING   Цена не найдена на 7745.by (HTML: debug_7745_by.html, размер: 1261 байт)
08:08:03  WARNING     ✗ Цена не найдена
08:08:05  INFO      [3/5]  Z257998PG001  —  voltra.by
08:08:06  WARNING   Цена не найдена на voltra.by (HTML: debug_voltra_by.html, размер: 1261 байт)
08:08:06  WARNING     ✗ Цена не найдена
08:08:08  INFO      [4/5]  Z257998PG001  —  21vek.by
08:08:09  WARNING   Цена не найдена на 21vek.by (HTML: debug_21vek_by.html, размер: 220401 байт)
08:08:09  WARNING     ✗ Цена не найдена
08:08:11  INFO      [5/5]  Z257998PG001  —  amd.by
08:08:11  INFO      Warm-up: https://www.amd.by
08:08:13  WARNING   Цена не найдена на amd.by (HTML: debug_amd_by.html, размер: 1261 байт)
08:08:13  WARNING     ✗ Цена не найдена
08:08:15  INFO      CSV: результаты.csv
08:08:15  INFO      HTML: результаты.html
08:08:15  INFO      ✅ Дешевле: 0  🔴 Дороже: 1  ⚠️ Ошибок: 4
08:25:04  INFO      =======================================================
08:25:04  INFO      Старт  17.05.2026 08:25
08:25:04  INFO      =======================================================
08:25:04  INFO      Считано товаров: 1
08:25:04  INFO      [1/5]  Z257998PG001  —  tpro.by
08:25:06  INFO        ✓ 295.00 р.
08:25:08  INFO      [2/5]  Z257998PG001  —  7745.by
08:25:08  INFO      Warm-up: https://7745.by
08:25:10  WARNING   Цена не найдена на 7745.by (HTML: debug_7745_by.html, размер: 1261 байт)
08:25:10  WARNING     ✗ Цена не найдена
08:25:12  INFO      [3/5]  Z257998PG001  —  voltra.by
08:25:13  ERROR     HTTP 403 на voltra.by — геоблок. Запустите парсер локально с ПК.
08:25:13  WARNING     ✗ HTTP 403
08:25:15  INFO      [4/5]  Z257998PG001  —  21vek.by
08:25:18  WARNING   Цена не найдена на 21vek.by (HTML: debug_21vek_by.html, размер: 220318 байт)
08:25:18  WARNING     ✗ Цена не найдена
08:25:20  INFO      [5/5]  Z257998PG001  —  amd.by
08:25:20  INFO      Warm-up: https://www.amd.by
08:25:22  WARNING   Цена не найдена на amd.by (HTML: debug_amd_by.html, размер: 1261 байт)
08:25:22  WARNING     ✗ Цена не найдена
08:25:24  INFO      CSV: результаты.csv
08:25:24  INFO      HTML: результаты.html
08:25:24  INFO      ✅ Дешевле: 0  🔴 Дороже: 1  ⚠️ Ошибок: 4
10:11:28  INFO      =======================================================
10:11:28  INFO      Старт  18.05.2026 10:11
10:11:28  INFO      =======================================================
10:11:28  INFO      Считано товаров: 1
10:11:28  INFO      [1/5]  Z257998PG001  —  tpro.by
10:11:30  INFO        ✓ 295.00 р.
10:11:32  INFO      [2/5]  Z257998PG001  —  7745.by
10:11:32  INFO      Warm-up: https://7745.by
10:11:35  WARNING   Цена не найдена на 7745.by (HTML: debug_7745_by.html, размер: 1261 байт)
10:11:35  WARNING     ✗ Цена не найдена
10:11:37  INFO      [3/5]  Z257998PG001  —  voltra.by
10:11:38  ERROR     HTTP 403 на voltra.by — геоблок. Запустите парсер локально с ПК.
10:11:38  WARNING     ✗ HTTP 403
10:11:40  INFO      [4/5]  Z257998PG001  —  21vek.by
10:11:43  WARNING   Цена не найдена на 21vek.by (HTML: debug_21vek_by.html, размер: 217138 байт)
10:11:43  WARNING     ✗ Цена не найдена
10:11:45  INFO      [5/5]  Z257998PG001  —  amd.by
10:11:45  INFO      Warm-up: https://www.amd.by
10:11:48  WARNING   Цена не найдена на amd.by (HTML: debug_amd_by.html, размер: 1261 байт)
10:11:48  WARNING     ✗ Цена не найдена
10:11:50  INFO      CSV: результаты.csv
10:11:50  INFO      HTML: результаты.html
10:11:50  INFO      ✅ Дешевле: 0  🔴 Дороже: 1  ⚠️ Ошибок: 4
09:52:08  INFO      =======================================================
09:52:08  INFO      Старт  19.05.2026 09:52
09:52:08  INFO      =======================================================
09:52:08  INFO      Считано товаров: 1
09:52:08  INFO      [1/5]  Z257998PG001  —  tpro.by
09:52:10  INFO        ✓ 527.00 р.
09:52:12  INFO      [2/5]  Z257998PG001  —  7745.by
09:52:12  INFO      Warm-up: https://7745.by
09:52:13  WARNING   Цена не найдена на 7745.by (HTML: debug_7745_by.html, размер: 1261 байт)
09:52:13  WARNING     ✗ Цена не найдена
09:52:15  INFO      [3/5]  Z257998PG001  —  voltra.by
09:52:16  ERROR     HTTP 403 на voltra.by — геоблок. Запустите парсер локально с ПК.
09:52:16  WARNING     ✗ HTTP 403
09:52:18  INFO      [4/5]  Z257998PG001  —  21vek.by
09:52:21  WARNING   Цена не найдена на 21vek.by (HTML: debug_21vek_by.html, размер: 217156 байт)
09:52:21  WARNING     ✗ Цена не найдена
09:52:23  INFO      [5/5]  Z257998PG001  —  amd.by
09:52:23  INFO      Warm-up: https://www.amd.by
09:52:25  WARNING   Цена не найдена на amd.by (HTML: debug_amd_by.html, размер: 1261 байт)
09:52:25  WARNING     ✗ Цена не найдена
09:52:27  INFO      CSV: результаты.csv
09:52:27  INFO      HTML: результаты.html
09:52:27  INFO      ✅ Дешевле: 0  🔴 Дороже: 1  ⚠️ Ошибок: 4
09:40:28  INFO      =======================================================
09:40:28  INFO      Старт  20.05.2026 09:40
09:40:28  INFO      =======================================================
09:40:28  INFO      Считано товаров: 1
09:40:28  INFO      [1/5]  Z257998PG001  —  tpro.by
09:40:30  INFO        ✓ 527.00 р.
09:40:32  INFO      [2/5]  Z257998PG001  —  7745.by
09:40:32  INFO      Warm-up: https://7745.by
09:40:34  WARNING   Цена не найдена на 7745.by (HTML: debug_7745_by.html, размер: 1261 байт)
09:40:34  WARNING     ✗ Цена не найдена
09:40:36  INFO      [3/5]  Z257998PG001  —  voltra.by
09:40:38  ERROR     HTTP 403 на voltra.by — геоблок. Запустите парсер локально с ПК.
09:40:38  WARNING     ✗ HTTP 403
09:40:40  INFO      [4/5]  Z257998PG001  —  21vek.by
09:40:42  WARNING   Цена не найдена на 21vek.by (HTML: debug_21vek_by.html, размер: 217698 байт)
09:40:42  WARNING     ✗ Цена не найдена
09:40:44  INFO      [5/5]  Z257998PG001  —  amd.by
09:40:44  INFO      Warm-up: https://www.amd.by
09:40:46  WARNING   Цена не найдена на amd.by (HTML: debug_amd_by.html, размер: 1261 байт)
09:40:46  WARNING     ✗ Цена не найдена
09:40:48  INFO      CSV: результаты.csv
09:40:48  INFO      HTML: результаты.html
09:40:48  INFO      ✅ Дешевле: 0  🔴 Дороже: 1  ⚠️ Ошибок: 4
09:48:26  INFO      =======================================================
09:48:26  INFO      Старт  21.05.2026 09:48
09:48:26  INFO      =======================================================
09:48:26  INFO      Считано товаров: 1
09:48:26  INFO      [1/5]  Z257998PG001  —  tpro.by
09:48:28  INFO        ✓ 527.00 р.
09:48:30  INFO      [2/5]  Z257998PG001  —  7745.by
09:48:30  INFO      Warm-up: https://7745.by
09:48:33  WARNING   Цена не найдена на 7745.by (HTML: debug_7745_by.html, размер: 1261 байт)
09:48:33  WARNING     ✗ Цена не найдена
09:48:35  INFO      [3/5]  Z257998PG001  —  voltra.by
09:48:36  ERROR     HTTP 403 на voltra.by — геоблок. Запустите парсер локально с ПК.
09:48:36  WARNING     ✗ HTTP 403
09:48:38  INFO      [4/5]  Z257998PG001  —  21vek.by
09:48:41  WARNING   Цена не найдена на 21vek.by (HTML: debug_21vek_by.html, размер: 220670 байт)
09:48:41  WARNING     ✗ Цена не найдена
09:48:43  INFO      [5/5]  Z257998PG001  —  amd.by
09:48:43  INFO      Warm-up: https://www.amd.by
09:48:45  WARNING   Цена не найдена на amd.by (HTML: debug_amd_by.html, размер: 1261 байт)
09:48:45  WARNING     ✗ Цена не найдена
09:48:47  INFO      CSV: результаты.csv
09:48:47  INFO      HTML: результаты.html
09:48:47  INFO      ✅ Дешевле: 0  🔴 Дороже: 1  ⚠️ Ошибок: 4
09:32:55  INFO      =======================================================
09:32:55  INFO      Старт  22.05.2026 09:32
09:32:55  INFO      =======================================================
09:32:55  INFO      Считано товаров: 1
09:32:55  INFO      [1/5]  Z257998PG001  —  tpro.by
09:32:56  INFO        ✓ 527.00 р.
09:32:58  INFO      [2/5]  Z257998PG001  —  7745.by
09:32:58  INFO      Warm-up: https://7745.by
09:33:00  WARNING   Цена не найдена на 7745.by (HTML: debug_7745_by.html, размер: 1261 байт)
09:33:00  WARNING     ✗ Цена не найдена
09:33:02  INFO      [3/5]  Z257998PG001  —  voltra.by
09:33:03  ERROR     HTTP 403 на voltra.by — геоблок. Запустите парсер локально с ПК.
09:33:03  WARNING     ✗ HTTP 403
09:33:05  INFO      [4/5]  Z257998PG001  —  21vek.by
09:33:07  WARNING   Цена не найдена на 21vek.by (HTML: debug_21vek_by.html, размер: 220838 байт)
09:33:07  WARNING     ✗ Цена не найдена
09:33:09  INFO      [5/5]  Z257998PG001  —  amd.by
09:33:09  INFO      Warm-up: https://www.amd.by
09:33:11  WARNING   Цена не найдена на amd.by (HTML: debug_amd_by.html, размер: 1261 байт)
09:33:11  WARNING     ✗ Цена не найдена
09:33:13  INFO      CSV: результаты.csv
09:33:13  INFO      HTML: результаты.html
09:33:13  INFO      ✅ Дешевле: 0  🔴 Дороже: 1  ⚠️ Ошибок: 4
08:23:23  INFO      =======================================================
08:23:23  INFO      Старт  23.05.2026 08:23
08:23:23  INFO      =======================================================
08:23:23  INFO      Считано товаров: 1
08:23:23  INFO      [1/5]  Z257998PG001  —  tpro.by
08:23:26  INFO        ✓ 527.00 р.
08:23:28  INFO      [2/5]  Z257998PG001  —  7745.by
08:23:28  INFO      Warm-up: https://7745.by
08:23:31  WARNING   Цена не найдена на 7745.by (HTML: debug_7745_by.html, размер: 1261 байт)
08:23:31  WARNING     ✗ Цена не найдена
08:23:33  INFO      [3/5]  Z257998PG001  —  voltra.by
08:23:33  ERROR     HTTP 403 на voltra.by — геоблок. Запустите парсер локально с ПК.
08:23:33  WARNING     ✗ HTTP 403
08:23:35  INFO      [4/5]  Z257998PG001  —  21vek.by
08:23:38  WARNING   Цена не найдена на 21vek.by (HTML: debug_21vek_by.html, размер: 220767 байт)
08:23:38  WARNING     ✗ Цена не найдена
08:23:40  INFO      [5/5]  Z257998PG001  —  amd.by
08:23:40  INFO      Warm-up: https://www.amd.by
08:23:42  WARNING   Цена не найдена на amd.by (HTML: debug_amd_by.html, размер: 1261 байт)
08:23:42  WARNING     ✗ Цена не найдена
08:23:44  INFO      CSV: результаты.csv
08:23:44  INFO      HTML: результаты.html
08:23:44  INFO      ✅ Дешевле: 0  🔴 Дороже: 1  ⚠️ Ошибок: 4
08:33:12  INFO      =======================================================
08:33:12  INFO      Старт  24.05.2026 08:33
08:33:12  INFO      =======================================================
08:33:12  INFO      Считано товаров: 1
08:33:12  INFO      [1/5]  Z257998PG001  —  tpro.by
08:33:15  INFO        ✓ 527.00 р.
08:33:17  INFO      [2/5]  Z257998PG001  —  7745.by
08:33:17  INFO      Warm-up: https://7745.by
08:33:19  WARNING   Цена не найдена на 7745.by (HTML: debug_7745_by.html, размер: 1261 байт)
08:33:19  WARNING     ✗ Цена не найдена
08:33:21  INFO      [3/5]  Z257998PG001  —  voltra.by
08:33:22  ERROR     HTTP 403 на voltra.by — геоблок. Запустите парсер локально с ПК.
08:33:22  WARNING     ✗ HTTP 403
08:33:24  INFO      [4/5]  Z257998PG001  —  21vek.by
08:33:25  WARNING   Цена не найдена на 21vek.by (HTML: debug_21vek_by.html, размер: 220695 байт)
08:33:25  WARNING     ✗ Цена не найдена
08:33:27  INFO      [5/5]  Z257998PG001  —  amd.by
08:33:27  INFO      Warm-up: https://www.amd.by
08:33:30  WARNING   Цена не найдена на amd.by (HTML: debug_amd_by.html, размер: 1261 байт)
08:33:30  WARNING     ✗ Цена не найдена
08:33:32  INFO      CSV: результаты.csv
08:33:32  INFO      HTML: результаты.html
08:33:32  INFO      ✅ Дешевле: 0  🔴 Дороже: 1  ⚠️ Ошибок: 4
10:14:44  INFO      =======================================================
10:14:44  INFO      Старт  25.05.2026 10:14
10:14:44  INFO      =======================================================
10:14:44  INFO      Считано товаров: 1
10:14:44  INFO      [1/5]  Z257998PG001  —  tpro.by
10:14:46  INFO        ✓ 527.00 р.
10:14:48  INFO      [2/5]  Z257998PG001  —  7745.by
10:14:48  INFO      Warm-up: https://7745.by
10:14:49  WARNING   Цена не найдена на 7745.by (HTML: debug_7745_by.html, размер: 1261 байт)
10:14:49  WARNING     ✗ Цена не найдена
10:14:51  INFO      [3/5]  Z257998PG001  —  voltra.by
10:14:52  ERROR     HTTP 403 на voltra.by — геоблок. Запустите парсер локально с ПК.
10:14:52  WARNING     ✗ HTTP 403
10:14:54  INFO      [4/5]  Z257998PG001  —  21vek.by
10:15:02  WARNING   Цена не найдена на 21vek.by (HTML: debug_21vek_by.html, размер: 219003 байт)
10:15:02  WARNING     ✗ Цена не найдена
10:15:04  INFO      [5/5]  Z257998PG001  —  amd.by
10:15:04  INFO      Warm-up: https://www.amd.by
10:15:06  WARNING   Цена не найдена на amd.by (HTML: debug_amd_by.html, размер: 1261 байт)
10:15:06  WARNING     ✗ Цена не найдена
10:15:08  INFO      CSV: результаты.csv
10:15:08  INFO      HTML: результаты.html
10:15:08  INFO      ✅ Дешевле: 0  🔴 Дороже: 1  ⚠️ Ошибок: 4
10:01:25  INFO      =======================================================
10:01:25  INFO      Старт  26.05.2026 10:01
10:01:25  INFO      =======================================================
10:01:25  INFO      Считано товаров: 1
10:01:25  INFO      [1/5]  Z257998PG001  —  tpro.by
10:01:27  INFO        ✓ 527.00 р.
10:01:29  INFO      [2/5]  Z257998PG001  —  7745.by
10:01:29  INFO      Warm-up: https://7745.by
10:01:31  WARNING   Цена не найдена на 7745.by (HTML: debug_7745_by.html, размер: 1261 байт)
10:01:31  WARNING     ✗ Цена не найдена
10:01:33  INFO      [3/5]  Z257998PG001  —  voltra.by
10:01:34  ERROR     HTTP 403 на voltra.by — геоблок. Запустите парсер локально с ПК.
10:01:34  WARNING     ✗ HTTP 403
10:01:36  INFO      [4/5]  Z257998PG001  —  21vek.by
10:01:40  WARNING   Цена не найдена на 21vek.by (HTML: debug_21vek_by.html, размер: 219397 байт)
10:01:40  WARNING     ✗ Цена не найдена
10:01:42  INFO      [5/5]  Z257998PG001  —  amd.by
10:01:42  INFO      Warm-up: https://www.amd.by
10:01:44  WARNING   Цена не найдена на amd.by (HTML: debug_amd_by.html, размер: 1261 байт)
10:01:44  WARNING     ✗ Цена не найдена
10:01:46  INFO      CSV: результаты.csv
10:01:46  INFO      HTML: результаты.html
10:01:46  INFO      ✅ Дешевле: 0  🔴 Дороже: 1  ⚠️ Ошибок: 4
09:58:26  INFO      =======================================================
09:58:26  INFO      Старт  27.05.2026 09:58
09:58:26  INFO      =======================================================
09:58:26  INFO      Считано товаров: 1
09:58:26  INFO      [1/5]  Z257998PG001  —  tpro.by
09:58:28  INFO        ✓ 527.00 р.
09:58:30  INFO      [2/5]  Z257998PG001  —  7745.by
09:58:30  INFO      Warm-up: https://7745.by
09:58:32  WARNING   Цена не найдена на 7745.by (HTML: debug_7745_by.html, размер: 1261 байт)
09:58:32  WARNING     ✗ Цена не найдена
09:58:34  INFO      [3/5]  Z257998PG001  —  voltra.by
09:58:34  ERROR     HTTP 403 на voltra.by — геоблок. Запустите парсер локально с ПК.
09:58:34  WARNING     ✗ HTTP 403
09:58:36  INFO      [4/5]  Z257998PG001  —  21vek.by
09:58:39  WARNING   Цена не найдена на 21vek.by (HTML: debug_21vek_by.html, размер: 219466 байт)
09:58:39  WARNING     ✗ Цена не найдена
09:58:41  INFO      [5/5]  Z257998PG001  —  amd.by
09:58:41  INFO      Warm-up: https://www.amd.by
09:58:43  WARNING   Цена не найдена на amd.by (HTML: debug_amd_by.html, размер: 1261 байт)
09:58:43  WARNING     ✗ Цена не найдена
09:58:45  INFO      CSV: результаты.csv
09:58:45  INFO      HTML: результаты.html
09:58:45  INFO      ✅ Дешевле: 0  🔴 Дороже: 1  ⚠️ Ошибок: 4
10:08:27  INFO      =======================================================
10:08:27  INFO      Старт  28.05.2026 10:08
10:08:27  INFO      =======================================================
10:08:27  INFO      Считано товаров: 1
10:08:27  INFO      [1/5]  Z257998PG001  —  tpro.by
10:08:29  INFO        ✓ 527.00 р.
10:08:31  INFO      [2/5]  Z257998PG001  —  7745.by
10:08:31  INFO      Warm-up: https://7745.by
10:08:32  WARNING   Цена не найдена на 7745.by (HTML: debug_7745_by.html, размер: 1261 байт)
10:08:32  WARNING     ✗ Цена не найдена
10:08:34  INFO      [3/5]  Z257998PG001  —  voltra.by
10:08:35  ERROR     HTTP 403 на voltra.by — геоблок. Запустите парсер локально с ПК.
10:08:35  WARNING     ✗ HTTP 403
10:08:37  INFO      [4/5]  Z257998PG001  —  21vek.by
10:08:38  WARNING   Цена не найдена на 21vek.by (HTML: debug_21vek_by.html, размер: 219077 байт)
10:08:38  WARNING     ✗ Цена не найдена
10:08:40  INFO      [5/5]  Z257998PG001  —  amd.by
10:08:40  INFO      Warm-up: https://www.amd.by
10:08:42  WARNING   Цена не найдена на amd.by (HTML: debug_amd_by.html, размер: 1261 байт)
10:08:42  WARNING     ✗ Цена не найдена
10:08:44  INFO      CSV: результаты.csv
10:08:44  INFO      HTML: результаты.html
10:08:44  INFO      ✅ Дешевле: 0  🔴 Дороже: 1  ⚠️ Ошибок: 4
09:59:11  INFO      =======================================================
09:59:11  INFO      Старт  29.05.2026 09:59
09:59:11  INFO      =======================================================
09:59:11  INFO      Считано товаров: 1
09:59:11  INFO      [1/5]  Z257998PG001  —  tpro.by
09:59:13  INFO        ✓ 527.00 р.
09:59:15  INFO      [2/5]  Z257998PG001  —  7745.by
09:59:15  INFO      Warm-up: https://7745.by
09:59:18  WARNING   Цена не найдена на 7745.by (HTML: debug_7745_by.html, размер: 1261 байт)
09:59:18  WARNING     ✗ Цена не найдена
09:59:20  INFO      [3/5]  Z257998PG001  —  voltra.by
09:59:20  ERROR     HTTP 403 на voltra.by — геоблок. Запустите парсер локально с ПК.
09:59:20  WARNING     ✗ HTTP 403
09:59:22  INFO      [4/5]  Z257998PG001  —  21vek.by
09:59:24  INFO        ✓ 663.00 р.
09:59:26  INFO      [5/5]  Z257998PG001  —  amd.by
09:59:26  INFO      Warm-up: https://www.amd.by
09:59:28  WARNING   Цена не найдена на amd.by (HTML: debug_amd_by.html, размер: 1261 байт)
09:59:28  WARNING     ✗ Цена не найдена
09:59:30  INFO      CSV: результаты.csv
09:59:30  INFO      HTML: результаты.html
09:59:30  INFO      ✅ Дешевле: 0  🔴 Дороже: 2  ⚠️ Ошибок: 3
08:31:11  INFO      =======================================================
08:31:11  INFO      Старт  30.05.2026 08:31
08:31:11  INFO      =======================================================
08:31:11  INFO      Считано товаров: 1
08:31:11  INFO      [1/5]  Z257998PG001  —  tpro.by
08:31:12  INFO        ✓ 527.00 р.
08:31:14  INFO      [2/5]  Z257998PG001  —  7745.by
08:31:14  INFO      Warm-up: https://7745.by
08:31:16  WARNING   Цена не найдена на 7745.by (HTML: debug_7745_by.html, размер: 1261 байт)
08:31:16  WARNING     ✗ Цена не найдена
08:31:18  INFO      [3/5]  Z257998PG001  —  voltra.by
08:31:18  WARNING   Цена не найдена на voltra.by (HTML: debug_voltra_by.html, размер: 1261 байт)
08:31:18  WARNING     ✗ Цена не найдена
08:31:20  INFO      [4/5]  Z257998PG001  —  21vek.by
08:31:21  INFO        ✓ 663.00 р.
08:31:23  INFO      [5/5]  Z257998PG001  —  amd.by
08:31:23  INFO      Warm-up: https://www.amd.by
08:31:25  WARNING   Цена не найдена на amd.by (HTML: debug_amd_by.html, размер: 1261 байт)
08:31:25  WARNING     ✗ Цена не найдена
08:31:27  INFO      CSV: результаты.csv
08:31:27  INFO      HTML: результаты.html
08:31:27  INFO      ✅ Дешевле: 0  🔴 Дороже: 2  ⚠️ Ошибок: 3
08:50:43  INFO      =======================================================
08:50:43  INFO      Старт  31.05.2026 08:50
08:50:43  INFO      =======================================================
08:50:43  INFO      Считано товаров: 1
08:50:43  INFO      [1/5]  Z257998PG001  —  tpro.by
08:50:44  INFO        ✓ 527.00 р.
08:50:46  INFO      [2/5]  Z257998PG001  —  7745.by
08:50:46  INFO      Warm-up: https://7745.by
08:50:48  WARNING   Цена не найдена на 7745.by (HTML: debug_7745_by.html, размер: 1261 байт)
08:50:48  WARNING     ✗ Цена не найдена
08:50:50  INFO      [3/5]  Z257998PG001  —  voltra.by
08:50:51  ERROR     HTTP 403 на voltra.by — геоблок. Запустите парсер локально с ПК.
08:50:51  WARNING     ✗ HTTP 403
08:50:53  INFO      [4/5]  Z257998PG001  —  21vek.by
08:50:54  INFO        ✓ 663.00 р.
08:50:56  INFO      [5/5]  Z257998PG001  —  amd.by
08:50:56  INFO      Warm-up: https://www.amd.by
08:50:58  WARNING   Цена не найдена на amd.by (HTML: debug_amd_by.html, размер: 1261 байт)
08:50:58  WARNING     ✗ Цена не найдена
08:51:00  INFO      CSV: результаты.csv
08:51:00  INFO      HTML: результаты.html
08:51:00  INFO      ✅ Дешевле: 0  🔴 Дороже: 2  ⚠️ Ошибок: 3
11:41:14  INFO      =======================================================
11:41:14  INFO      Старт  01.06.2026 11:41
11:41:14  INFO      =======================================================
11:41:14  INFO      Считано товаров: 1
11:41:14  INFO      [1/5]  Z257998PG001  —  tpro.by
11:41:16  INFO        ✓ 527.00 р.
11:41:18  INFO      [2/5]  Z257998PG001  —  7745.by
11:41:18  INFO      Warm-up: https://7745.by
11:41:19  WARNING   Цена не найдена на 7745.by (HTML: debug_7745_by.html, размер: 1261 байт)
11:41:19  WARNING     ✗ Цена не найдена
11:41:21  INFO      [3/5]  Z257998PG001  —  voltra.by
11:41:22  ERROR     HTTP 403 на voltra.by — геоблок. Запустите парсер локально с ПК.
11:41:22  WARNING     ✗ HTTP 403
11:41:24  INFO      [4/5]  Z257998PG001  —  21vek.by
11:41:25  INFO        ✓ 663.00 р.
11:41:27  INFO      [5/5]  Z257998PG001  —  amd.by
11:41:27  INFO      Warm-up: https://www.amd.by
11:41:29  WARNING   Цена не найдена на amd.by (HTML: debug_amd_by.html, размер: 1261 байт)
11:41:29  WARNING     ✗ Цена не найдена
11:41:31  INFO      CSV: результаты.csv
11:41:31  INFO      HTML: результаты.html
11:41:31  INFO      ✅ Дешевле: 0  🔴 Дороже: 2  ⚠️ Ошибок: 3
10:41:59  INFO      =======================================================
10:41:59  INFO      Старт  02.06.2026 10:41
10:41:59  INFO      =======================================================
10:41:59  INFO      Считано товаров: 1
10:41:59  INFO      [1/5]  Z257998PG001  —  tpro.by
10:42:01  INFO        ✓ 527.00 р.
10:42:03  INFO      [2/5]  Z257998PG001  —  7745.by
10:42:03  INFO      Warm-up: https://7745.by
10:42:05  WARNING   Цена не найдена на 7745.by (HTML: debug_7745_by.html, размер: 1261 байт)
10:42:05  WARNING     ✗ Цена не найдена
10:42:07  INFO      [3/5]  Z257998PG001  —  voltra.by
10:42:07  ERROR     HTTP 403 на voltra.by — геоблок. Запустите парсер локально с ПК.
10:42:07  WARNING     ✗ HTTP 403
10:42:09  INFO      [4/5]  Z257998PG001  —  21vek.by
10:42:10  INFO        ✓ 663.00 р.
10:42:12  INFO      [5/5]  Z257998PG001  —  amd.by
10:42:12  INFO      Warm-up: https://www.amd.by
10:42:14  WARNING   Цена не найдена на amd.by (HTML: debug_amd_by.html, размер: 1261 байт)
10:42:14  WARNING     ✗ Цена не найдена
10:42:16  INFO      CSV: результаты.csv
10:42:16  INFO      HTML: результаты.html
10:42:16  INFO      ✅ Дешевле: 0  🔴 Дороже: 2  ⚠️ Ошибок: 3
11:05:39  INFO      =======================================================
11:05:39  INFO      Старт  03.06.2026 11:05
11:05:39  INFO      =======================================================
11:05:39  INFO      Считано товаров: 1
11:05:39  INFO      [1/5]  Z257998PG001  —  tpro.by
11:05:41  INFO        ✓ 527.00 р.
11:05:43  INFO      [2/5]  Z257998PG001  —  7745.by
11:05:43  INFO      Warm-up: https://7745.by
11:05:45  WARNING   Цена не найдена на 7745.by (HTML: debug_7745_by.html, размер: 1261 байт)
11:05:45  WARNING     ✗ Цена не найдена
11:05:47  INFO      [3/5]  Z257998PG001  —  voltra.by
11:05:47  ERROR     HTTP 403 на voltra.by — геоблок. Запустите парсер локально с ПК.
11:05:47  WARNING     ✗ HTTP 403
11:05:49  INFO      [4/5]  Z257998PG001  —  21vek.by
11:05:52  INFO        ✓ 663.00 р.
11:05:54  INFO      [5/5]  Z257998PG001  —  amd.by
11:05:54  INFO      Warm-up: https://www.amd.by
11:05:56  WARNING   Цена не найдена на amd.by (HTML: debug_amd_by.html, размер: 1261 байт)
11:05:56  WARNING     ✗ Цена не найдена
11:05:58  INFO      CSV: результаты.csv
11:05:58  INFO      HTML: результаты.html
11:05:58  INFO      ✅ Дешевле: 0  🔴 Дороже: 2  ⚠️ Ошибок: 3
10:00:03  INFO      =======================================================
10:00:03  INFO      Старт  04.06.2026 10:00
10:00:03  INFO      =======================================================
10:00:03  INFO      Считано товаров: 1
10:00:03  INFO      [1/5]  Z257998PG001  —  tpro.by
10:00:05  INFO        ✓ 527.00 р.
10:00:07  INFO      [2/5]  Z257998PG001  —  7745.by
10:00:07  INFO      Warm-up: https://7745.by
10:00:09  WARNING   Цена не найдена на 7745.by (HTML: debug_7745_by.html, размер: 1261 байт)
10:00:09  WARNING     ✗ Цена не найдена
10:00:11  INFO      [3/5]  Z257998PG001  —  voltra.by
10:00:11  ERROR     HTTP 403 на voltra.by — геоблок. Запустите парсер локально с ПК.
10:00:11  WARNING     ✗ HTTP 403
10:00:13  INFO      [4/5]  Z257998PG001  —  21vek.by
10:00:16  INFO        ✓ 663.00 р.
10:00:18  INFO      [5/5]  Z257998PG001  —  amd.by
10:00:18  INFO      Warm-up: https://www.amd.by
10:00:20  WARNING   Цена не найдена на amd.by (HTML: debug_amd_by.html, размер: 1261 байт)
10:00:20  WARNING     ✗ Цена не найдена
10:00:22  INFO      CSV: результаты.csv
10:00:22  INFO      HTML: результаты.html
10:00:22  INFO      ✅ Дешевле: 0  🔴 Дороже: 2  ⚠️ Ошибок: 3
09:57:12  INFO      =======================================================
09:57:12  INFO      Старт  05.06.2026 09:57
09:57:12  INFO      =======================================================
09:57:12  INFO      Считано товаров: 1
09:57:12  INFO      [1/5]  Z257998PG001  —  tpro.by
09:57:14  INFO        ✓ 527.00 р.
09:57:16  INFO      [2/5]  Z257998PG001  —  7745.by
09:57:16  INFO      Warm-up: https://7745.by
09:57:18  WARNING   Цена не найдена на 7745.by (HTML: debug_7745_by.html, размер: 1261 байт)
09:57:18  WARNING     ✗ Цена не найдена
09:57:20  INFO      [3/5]  Z257998PG001  —  voltra.by
09:57:21  ERROR     HTTP 403 на voltra.by — геоблок. Запустите парсер локально с ПК.
09:57:21  WARNING     ✗ HTTP 403
09:57:23  INFO      [4/5]  Z257998PG001  —  21vek.by
09:57:24  INFO        ✓ 663.00 р.
09:57:26  INFO      [5/5]  Z257998PG001  —  amd.by
09:57:26  INFO      Warm-up: https://www.amd.by
09:57:28  WARNING   Цена не найдена на amd.by (HTML: debug_amd_by.html, размер: 1261 байт)
09:57:28  WARNING     ✗ Цена не найдена
09:57:30  INFO      CSV: результаты.csv
09:57:30  INFO      HTML: результаты.html
09:57:30  INFO      ✅ Дешевле: 0  🔴 Дороже: 2  ⚠️ Ошибок: 3
08:37:10  INFO      =======================================================
08:37:10  INFO      Старт  06.06.2026 08:37
08:37:10  INFO      =======================================================
08:37:10  INFO      Считано товаров: 1
08:37:10  INFO      [1/5]  Z257998PG001  —  tpro.by
08:37:36  WARNING     ✗ Таймаут
08:37:38  INFO      [2/5]  Z257998PG001  —  7745.by
08:37:38  INFO      Warm-up: https://7745.by
08:37:40  WARNING   Цена не найдена на 7745.by (HTML: debug_7745_by.html, размер: 1261 байт)
08:37:40  WARNING     ✗ Цена не найдена
08:37:42  INFO      [3/5]  Z257998PG001  —  voltra.by
08:37:43  ERROR     HTTP 403 на voltra.by — геоблок. Запустите парсер локально с ПК.
08:37:43  WARNING     ✗ HTTP 403
08:37:45  INFO      [4/5]  Z257998PG001  —  21vek.by
08:37:47  INFO        ✓ 663.00 р.
08:37:49  INFO      [5/5]  Z257998PG001  —  amd.by
08:37:49  INFO      Warm-up: https://www.amd.by
08:37:51  WARNING   Цена не найдена на amd.by (HTML: debug_amd_by.html, размер: 1261 байт)
08:37:51  WARNING     ✗ Цена не найдена
08:37:53  INFO      CSV: результаты.csv
08:37:53  INFO      HTML: результаты.html
08:37:53  INFO      ✅ Дешевле: 0  🔴 Дороже: 1  ⚠️ Ошибок: 4
09:18:03  INFO      =======================================================
09:18:03  INFO      Старт  07.06.2026 09:18
09:18:03  INFO      =======================================================
09:18:03  INFO      Считано товаров: 1
09:18:03  INFO      [1/5]  Z257998PG001  —  tpro.by
09:18:06  INFO        ✓ 527.00 р.
09:18:08  INFO      [2/5]  Z257998PG001  —  7745.by
09:18:08  INFO      Warm-up: https://7745.by
09:18:10  WARNING   Цена не найдена на 7745.by (HTML: debug_7745_by.html, размер: 1261 байт)
09:18:10  WARNING     ✗ Цена не найдена
09:18:12  INFO      [3/5]  Z257998PG001  —  voltra.by
09:18:13  ERROR     HTTP 403 на voltra.by — геоблок. Запустите парсер локально с ПК.
09:18:13  WARNING     ✗ HTTP 403
09:18:15  INFO      [4/5]  Z257998PG001  —  21vek.by
09:18:16  INFO        ✓ 663.00 р.
09:18:18  INFO      [5/5]  Z257998PG001  —  amd.by
09:18:18  INFO      Warm-up: https://www.amd.by
09:18:20  WARNING   Цена не найдена на amd.by (HTML: debug_amd_by.html, размер: 1261 байт)
09:18:20  WARNING     ✗ Цена не найдена
09:18:22  INFO      CSV: результаты.csv
09:18:22  INFO      HTML: результаты.html
09:18:22  INFO      ✅ Дешевле: 0  🔴 Дороже: 2  ⚠️ Ошибок: 3
11:01:55  INFO      =======================================================
11:01:55  INFO      Старт  08.06.2026 11:01
11:01:55  INFO      =======================================================
11:01:55  INFO      Считано товаров: 1
11:01:55  INFO      [1/5]  Z257998PG001  —  tpro.by
11:01:57  INFO        ✓ 527.00 р.
11:01:59  INFO      [2/5]  Z257998PG001  —  7745.by
11:01:59  INFO      Warm-up: https://7745.by
11:02:01  WARNING   Цена не найдена на 7745.by (HTML: debug_7745_by.html, размер: 1261 байт)
11:02:01  WARNING     ✗ Цена не найдена
11:02:03  INFO      [3/5]  Z257998PG001  —  voltra.by
11:02:04  ERROR     HTTP 403 на voltra.by — геоблок. Запустите парсер локально с ПК.
11:02:04  WARNING     ✗ HTTP 403
11:02:06  INFO      [4/5]  Z257998PG001  —  21vek.by
11:02:07  INFO        ✓ 663.00 р.
11:02:09  INFO      [5/5]  Z257998PG001  —  amd.by
11:02:09  INFO      Warm-up: https://www.amd.by
11:02:11  WARNING   Цена не найдена на amd.by (HTML: debug_amd_by.html, размер: 1261 байт)
11:02:11  WARNING     ✗ Цена не найдена
11:02:13  INFO      CSV: результаты.csv
11:02:13  INFO      HTML: результаты.html
11:02:13  INFO      ✅ Дешевле: 0  🔴 Дороже: 2  ⚠️ Ошибок: 3
09:51:49  INFO      =======================================================
09:51:49  INFO      Старт  09.06.2026 09:51
09:51:49  INFO      =======================================================
09:51:49  INFO      Считано товаров: 1
09:51:49  INFO      [1/5]  Z257998PG001  —  tpro.by
09:51:51  INFO        ✓ 527.00 р.
09:51:53  INFO      [2/5]  Z257998PG001  —  7745.by
09:51:53  INFO      Warm-up: https://7745.by
09:51:55  WARNING   Цена не найдена на 7745.by (HTML: debug_7745_by.html, размер: 1261 байт)
09:51:55  WARNING     ✗ Цена не найдена
09:51:57  INFO      [3/5]  Z257998PG001  —  voltra.by
09:51:58  ERROR     HTTP 403 на voltra.by — геоблок. Запустите парсер локально с ПК.
09:51:58  WARNING     ✗ HTTP 403
09:52:00  INFO      [4/5]  Z257998PG001  —  21vek.by
09:52:01  INFO        ✓ 663.00 р.
09:52:03  INFO      [5/5]  Z257998PG001  —  amd.by
09:52:03  INFO      Warm-up: https://www.amd.by
09:52:05  WARNING   Цена не найдена на amd.by (HTML: debug_amd_by.html, размер: 1261 байт)
09:52:05  WARNING     ✗ Цена не найдена
09:52:07  INFO      CSV: результаты.csv
09:52:07  INFO      HTML: результаты.html
09:52:07  INFO      ✅ Дешевле: 0  🔴 Дороже: 2  ⚠️ Ошибок: 3
10:07:29  INFO      =======================================================
10:07:29  INFO      Старт  10.06.2026 10:07
10:07:29  INFO      =======================================================
10:07:29  INFO      Считано товаров: 1
10:07:29  INFO      [1/5]  Z257998PG001  —  tpro.by
10:07:32  INFO        ✓ 527.00 р.
10:07:34  INFO      [2/5]  Z257998PG001  —  7745.by
10:07:34  INFO      Warm-up: https://7745.by
10:07:35  WARNING   Цена не найдена на 7745.by (HTML: debug_7745_by.html, размер: 1261 байт)
10:07:35  WARNING     ✗ Цена не найдена
10:07:37  INFO      [3/5]  Z257998PG001  —  voltra.by
10:07:38  ERROR     HTTP 403 на voltra.by — геоблок. Запустите парсер локально с ПК.
10:07:38  WARNING     ✗ HTTP 403
10:07:40  INFO      [4/5]  Z257998PG001  —  21vek.by
10:07:43  INFO        ✓ 663.00 р.
10:07:45  INFO      [5/5]  Z257998PG001  —  amd.by
10:07:45  INFO      Warm-up: https://www.amd.by
10:07:47  WARNING   Цена не найдена на amd.by (HTML: debug_amd_by.html, размер: 1261 байт)
10:07:47  WARNING     ✗ Цена не найдена
10:07:49  INFO      CSV: результаты.csv
10:07:49  INFO      HTML: результаты.html
10:07:49  INFO      ✅ Дешевле: 0  🔴 Дороже: 2  ⚠️ Ошибок: 3
10:41:40  INFO      =======================================================
10:41:40  INFO      Старт  11.06.2026 10:41
10:41:40  INFO      =======================================================
10:41:40  INFO      Считано товаров: 1
10:41:40  INFO      [1/5]  Z257998PG001  —  tpro.by
10:41:42  INFO        ✓ 527.00 р.
10:41:44  INFO      [2/5]  Z257998PG001  —  7745.by
10:41:44  INFO      Warm-up: https://7745.by
10:41:46  WARNING   Цена не найдена на 7745.by (HTML: debug_7745_by.html, размер: 1261 байт)
10:41:46  WARNING     ✗ Цена не найдена
10:41:48  INFO      [3/5]  Z257998PG001  —  voltra.by
10:41:49  ERROR     HTTP 403 на voltra.by — геоблок. Запустите парсер локально с ПК.
10:41:49  WARNING     ✗ HTTP 403
10:41:51  INFO      [4/5]  Z257998PG001  —  21vek.by
10:41:52  INFO        ✓ 663.00 р.
10:41:54  INFO      [5/5]  Z257998PG001  —  amd.by
10:41:54  INFO      Warm-up: https://www.amd.by
10:41:56  WARNING   Цена не найдена на amd.by (HTML: debug_amd_by.html, размер: 1261 байт)
10:41:56  WARNING     ✗ Цена не найдена
10:41:58  INFO      CSV: результаты.csv
10:41:58  INFO      HTML: результаты.html
10:41:58  INFO      ✅ Дешевле: 0  🔴 Дороже: 2  ⚠️ Ошибок: 3
10:18:39  INFO      =======================================================
10:18:39  INFO      Старт  12.06.2026 10:18
10:18:39  INFO      =======================================================
10:18:39  INFO      Считано товаров: 1
10:18:39  INFO      [1/5]  Z257998PG001  —  tpro.by
10:18:40  INFO        ✓ 527.00 р.
10:18:42  INFO      [2/5]  Z257998PG001  —  7745.by
10:18:42  INFO      Warm-up: https://7745.by
10:18:44  WARNING   Цена не найдена на 7745.by (HTML: debug_7745_by.html, размер: 1261 байт)
10:18:44  WARNING     ✗ Цена не найдена
10:18:46  INFO      [3/5]  Z257998PG001  —  voltra.by
10:18:47  ERROR     HTTP 403 на voltra.by — геоблок. Запустите парсер локально с ПК.
10:18:47  WARNING     ✗ HTTP 403
10:18:49  INFO      [4/5]  Z257998PG001  —  21vek.by
10:18:50  INFO        ✓ 663.00 р.
10:18:52  INFO      [5/5]  Z257998PG001  —  amd.by
10:18:52  INFO      Warm-up: https://www.amd.by
10:18:54  WARNING   Цена не найдена на amd.by (HTML: debug_amd_by.html, размер: 1261 байт)
10:18:54  WARNING     ✗ Цена не найдена
10:18:56  INFO      CSV: результаты.csv
10:18:56  INFO      HTML: результаты.html
10:18:56  INFO      ✅ Дешевле: 0  🔴 Дороже: 2  ⚠️ Ошибок: 3
09:20:38  INFO      =======================================================
09:20:38  INFO      Старт  13.06.2026 09:20
09:20:38  INFO      =======================================================
09:20:38  INFO      Считано товаров: 1
09:20:38  INFO      [1/5]  Z257998PG001  —  tpro.by
09:20:40  INFO        ✓ 527.00 р.
09:20:42  INFO      [2/5]  Z257998PG001  —  7745.by
09:20:42  INFO      Warm-up: https://7745.by
09:20:44  WARNING   Цена не найдена на 7745.by (HTML: debug_7745_by.html, размер: 1261 байт)
09:20:44  WARNING     ✗ Цена не найдена
09:20:46  INFO      [3/5]  Z257998PG001  —  voltra.by
09:20:47  ERROR     HTTP 403 на voltra.by — геоблок. Запустите парсер локально с ПК.
09:20:47  WARNING     ✗ HTTP 403
09:20:49  INFO      [4/5]  Z257998PG001  —  21vek.by
09:20:58  INFO        ✓ 663.00 р.
09:21:00  INFO      [5/5]  Z257998PG001  —  amd.by
09:21:00  INFO      Warm-up: https://www.amd.by
09:21:02  WARNING   Цена не найдена на amd.by (HTML: debug_amd_by.html, размер: 1261 байт)
09:21:02  WARNING     ✗ Цена не найдена
09:21:04  INFO      CSV: результаты.csv
09:21:04  INFO      HTML: результаты.html
09:21:04  INFO      ✅ Дешевле: 0  🔴 Дороже: 2  ⚠️ Ошибок: 3
09:39:44  INFO      =======================================================
09:39:44  INFO      Старт  14.06.2026 09:39
09:39:44  INFO      =======================================================
09:39:44  INFO      Считано товаров: 1
09:39:44  INFO      [1/5]  Z257998PG001  —  tpro.by
09:40:10  WARNING     ✗ Таймаут
09:40:12  INFO      [2/5]  Z257998PG001  —  7745.by
09:40:12  INFO      Warm-up: https://7745.by
09:40:14  WARNING   Цена не найдена на 7745.by (HTML: debug_7745_by.html, размер: 1261 байт)
09:40:14  WARNING     ✗ Цена не найдена
09:40:16  INFO      [3/5]  Z257998PG001  —  voltra.by
09:40:17  ERROR     HTTP 403 на voltra.by — геоблок. Запустите парсер локально с ПК.
09:40:17  WARNING     ✗ HTTP 403
09:40:19  INFO      [4/5]  Z257998PG001  —  21vek.by
09:40:22  INFO        ✓ 663.00 р.
09:40:24  INFO      [5/5]  Z257998PG001  —  amd.by
09:40:24  INFO      Warm-up: https://www.amd.by
09:40:26  WARNING   Цена не найдена на amd.by (HTML: debug_amd_by.html, размер: 1261 байт)
09:40:26  WARNING     ✗ Цена не найдена
09:40:28  INFO      CSV: результаты.csv
09:40:28  INFO      HTML: результаты.html
09:40:28  INFO      ✅ Дешевле: 0  🔴 Дороже: 1  ⚠️ Ошибок: 4
12:21:46  INFO      =======================================================
12:21:46  INFO      Старт  15.06.2026 12:21
12:21:46  INFO      =======================================================
12:21:46  INFO      Считано товаров: 1
12:21:46  INFO      [1/5]  Z257998PG001  —  tpro.by
12:21:48  INFO        ✓ 527.00 р.
12:21:50  INFO      [2/5]  Z257998PG001  —  7745.by
12:21:50  INFO      Warm-up: https://7745.by
12:21:53  WARNING   Цена не найдена на 7745.by (HTML: debug_7745_by.html, размер: 1261 байт)
12:21:53  WARNING     ✗ Цена не найдена
12:21:55  INFO      [3/5]  Z257998PG001  —  voltra.by
12:21:56  ERROR     HTTP 403 на voltra.by — геоблок. Запустите парсер локально с ПК.
12:21:56  WARNING     ✗ HTTP 403
12:21:58  INFO      [4/5]  Z257998PG001  —  21vek.by
12:22:08  INFO        ✓ 663.00 р.
12:22:10  INFO      [5/5]  Z257998PG001  —  amd.by
12:22:10  INFO      Warm-up: https://www.amd.by
12:22:13  WARNING   Цена не найдена на amd.by (HTML: debug_amd_by.html, размер: 1261 байт)
12:22:13  WARNING     ✗ Цена не найдена
12:22:15  INFO      CSV: результаты.csv
12:22:15  INFO      HTML: результаты.html
12:22:15  INFO      ✅ Дешевле: 0  🔴 Дороже: 2  ⚠️ Ошибок: 3
11:17:22  INFO      =======================================================
11:17:22  INFO      Старт  16.06.2026 11:17
11:17:22  INFO      =======================================================
11:17:22  INFO      Считано товаров: 1
11:17:22  INFO      [1/5]  Z257998PG001  —  tpro.by
11:17:24  INFO        ✓ 527.00 р.
11:17:26  INFO      [2/5]  Z257998PG001  —  7745.by
11:17:26  INFO      Warm-up: https://7745.by
11:17:32  WARNING   Цена не найдена на 7745.by (HTML: debug_7745_by.html, размер: 1261 байт)
11:17:32  WARNING     ✗ Цена не найдена
11:17:34  INFO      [3/5]  Z257998PG001  —  voltra.by
11:17:35  ERROR     HTTP 403 на voltra.by — геоблок. Запустите парсер локально с ПК.
11:17:35  WARNING     ✗ HTTP 403
11:17:37  INFO      [4/5]  Z257998PG001  —  21vek.by
11:17:39  INFO        ✓ 663.00 р.
11:17:41  INFO      [5/5]  Z257998PG001  —  amd.by
11:17:41  INFO      Warm-up: https://www.amd.by
11:17:43  WARNING   Цена не найдена на amd.by (HTML: debug_amd_by.html, размер: 1261 байт)
11:17:43  WARNING     ✗ Цена не найдена
11:17:45  INFO      CSV: результаты.csv
11:17:45  INFO      HTML: результаты.html
11:17:45  INFO      ✅ Дешевле: 0  🔴 Дороже: 2  ⚠️ Ошибок: 3
11:02:20  INFO      =======================================================
11:02:20  INFO      Старт  17.06.2026 11:02
11:02:20  INFO      =======================================================
11:02:20  INFO      Считано товаров: 1
11:02:20  INFO      [1/5]  Z257998PG001  —  tpro.by
11:02:22  INFO        ✓ 527.00 р.
11:02:24  INFO      [2/5]  Z257998PG001  —  7745.by
11:02:24  INFO      Warm-up: https://7745.by
11:02:26  WARNING   Цена не найдена на 7745.by (HTML: debug_7745_by.html, размер: 1261 байт)
11:02:26  WARNING     ✗ Цена не найдена
11:02:28  INFO      [3/5]  Z257998PG001  —  voltra.by
11:02:29  ERROR     HTTP 403 на voltra.by — геоблок. Запустите парсер локально с ПК.
11:02:29  WARNING     ✗ HTTP 403
11:02:31  INFO      [4/5]  Z257998PG001  —  21vek.by
11:02:32  INFO        ✓ 663.00 р.
11:02:34  INFO      [5/5]  Z257998PG001  —  amd.by
11:02:34  INFO      Warm-up: https://www.amd.by
11:02:36  WARNING   Цена не найдена на amd.by (HTML: debug_amd_by.html, размер: 1261 байт)
11:02:36  WARNING     ✗ Цена не найдена
11:02:38  INFO      CSV: результаты.csv
11:02:38  INFO      HTML: результаты.html
11:02:38  INFO      ✅ Дешевле: 0  🔴 Дороже: 2  ⚠️ Ошибок: 3
10:24:25  INFO      =======================================================
10:24:25  INFO      Старт  18.06.2026 10:24
10:24:25  INFO      =======================================================
10:24:25  INFO      Считано товаров: 1
10:24:25  INFO      [1/5]  Z257998PG001  —  tpro.by
10:24:27  INFO        ✓ 527.00 р.
10:24:29  INFO      [2/5]  Z257998PG001  —  7745.by
10:24:29  INFO      Warm-up: https://7745.by
10:24:31  WARNING   Цена не найдена на 7745.by (HTML: debug_7745_by.html, размер: 1261 байт)
10:24:31  WARNING     ✗ Цена не найдена
10:24:33  INFO      [3/5]  Z257998PG001  —  voltra.by
10:24:33  ERROR     HTTP 403 на voltra.by — геоблок. Запустите парсер локально с ПК.
10:24:33  WARNING     ✗ HTTP 403
10:24:35  INFO      [4/5]  Z257998PG001  —  21vek.by
10:24:38  INFO        ✓ 663.00 р.
10:24:40  INFO      [5/5]  Z257998PG001  —  amd.by
10:24:40  INFO      Warm-up: https://www.amd.by
10:24:41  WARNING   Цена не найдена на amd.by (HTML: debug_amd_by.html, размер: 1261 байт)
10:24:41  WARNING     ✗ Цена не найдена
10:24:43  INFO      CSV: результаты.csv
10:24:43  INFO      HTML: результаты.html
10:24:43  INFO      ✅ Дешевле: 0  🔴 Дороже: 2  ⚠️ Ошибок: 3
10:42:12  INFO      =======================================================
10:42:12  INFO      Старт  19.06.2026 10:42
10:42:12  INFO      =======================================================
10:42:12  INFO      Считано товаров: 1
10:42:12  INFO      [1/5]  Z257998PG001  —  tpro.by
10:42:14  INFO        ✓ 527.00 р.
10:42:16  INFO      [2/5]  Z257998PG001  —  7745.by
10:42:16  INFO      Warm-up: https://7745.by
10:42:18  WARNING   Цена не найдена на 7745.by (HTML: debug_7745_by.html, размер: 1261 байт)
10:42:18  WARNING     ✗ Цена не найдена
10:42:20  INFO      [3/5]  Z257998PG001  —  voltra.by
10:42:21  ERROR     HTTP 403 на voltra.by — геоблок. Запустите парсер локально с ПК.
10:42:21  WARNING     ✗ HTTP 403
10:42:23  INFO      [4/5]  Z257998PG001  —  21vek.by
10:42:26  INFO        ✓ 663.00 р.
10:42:28  INFO      [5/5]  Z257998PG001  —  amd.by
10:42:28  INFO      Warm-up: https://www.amd.by
10:42:31  WARNING   Цена не найдена на amd.by (HTML: debug_amd_by.html, размер: 1261 байт)
10:42:31  WARNING     ✗ Цена не найдена
10:42:33  INFO      CSV: результаты.csv
10:42:33  INFO      HTML: результаты.html
10:42:33  INFO      ✅ Дешевле: 0  🔴 Дороже: 2  ⚠️ Ошибок: 3
09:21:07  INFO      =======================================================
09:21:07  INFO      Старт  20.06.2026 09:21
09:21:07  INFO      =======================================================
09:21:07  INFO      Считано товаров: 1
09:21:07  INFO      [1/5]  Z257998PG001  —  tpro.by
09:21:09  INFO        ✓ 527.00 р.
09:21:11  INFO      [2/5]  Z257998PG001  —  7745.by
09:21:11  INFO      Warm-up: https://7745.by
09:21:13  WARNING   Цена не найдена на 7745.by (HTML: debug_7745_by.html, размер: 1261 байт)
09:21:13  WARNING     ✗ Цена не найдена
09:21:15  INFO      [3/5]  Z257998PG001  —  voltra.by
09:21:15  ERROR     HTTP 403 на voltra.by — геоблок. Запустите парсер локально с ПК.
09:21:15  WARNING     ✗ HTTP 403
09:21:17  INFO      [4/5]  Z257998PG001  —  21vek.by
09:21:21  INFO        ✓ 663.00 р.
09:21:23  INFO      [5/5]  Z257998PG001  —  amd.by
09:21:23  INFO      Warm-up: https://www.amd.by
09:21:26  WARNING   Цена не найдена на amd.by (HTML: debug_amd_by.html, размер: 1261 байт)
09:21:26  WARNING     ✗ Цена не найдена
09:21:28  INFO      CSV: результаты.csv
09:21:28  INFO      HTML: результаты.html
09:21:28  INFO      ✅ Дешевле: 0  🔴 Дороже: 2  ⚠️ Ошибок: 3
09:54:28  INFO      =======================================================
09:54:28  INFO      Старт  21.06.2026 09:54
09:54:28  INFO      =======================================================
09:54:28  INFO      Считано товаров: 1
09:54:28  INFO      [1/5]  Z257998PG001  —  tpro.by
09:54:29  INFO        ✓ 527.00 р.
09:54:31  INFO      [2/5]  Z257998PG001  —  7745.by
09:54:31  INFO      Warm-up: https://7745.by
09:54:33  WARNING   Цена не найдена на 7745.by (HTML: debug_7745_by.html, размер: 1261 байт)
09:54:33  WARNING     ✗ Цена не найдена
09:54:35  INFO      [3/5]  Z257998PG001  —  voltra.by
09:55:01  WARNING     ✗ Таймаут
09:55:03  INFO      [4/5]  Z257998PG001  —  21vek.by
09:55:05  INFO        ✓ 663.00 р.
09:55:07  INFO      [5/5]  Z257998PG001  —  amd.by
09:55:07  INFO      Warm-up: https://www.amd.by
09:55:10  WARNING   Цена не найдена на amd.by (HTML: debug_amd_by.html, размер: 1261 байт)
09:55:10  WARNING     ✗ Цена не найдена
09:55:12  INFO      CSV: результаты.csv
09:55:12  INFO      HTML: результаты.html
09:55:12  INFO      ✅ Дешевле: 0  🔴 Дороже: 2  ⚠️ Ошибок: 3
12:09:58  INFO      =======================================================
12:09:58  INFO      Старт  22.06.2026 12:09
12:09:58  INFO      =======================================================
12:09:58  INFO      Считано товаров: 1
12:09:58  INFO      [1/5]  Z257998PG001  —  tpro.by
12:10:00  INFO        ✓ 527.00 р.
12:10:02  INFO      [2/5]  Z257998PG001  —  7745.by
12:10:02  INFO      Warm-up: https://7745.by
12:10:04  WARNING   Цена не найдена на 7745.by (HTML: debug_7745_by.html, размер: 1261 байт)
12:10:04  WARNING     ✗ Цена не найдена
12:10:06  INFO      [3/5]  Z257998PG001  —  voltra.by
12:10:07  ERROR     HTTP 403 на voltra.by — геоблок. Запустите парсер локально с ПК.
12:10:07  WARNING     ✗ HTTP 403
12:10:09  INFO      [4/5]  Z257998PG001  —  21vek.by
12:10:11  INFO        ✓ 663.00 р.
12:10:13  INFO      [5/5]  Z257998PG001  —  amd.by
12:10:13  INFO      Warm-up: https://www.amd.by
12:10:16  WARNING   Цена не найдена на amd.by (HTML: debug_amd_by.html, размер: 1261 байт)
12:10:16  WARNING     ✗ Цена не найдена
12:10:18  INFO      CSV: результаты.csv
12:10:18  INFO      HTML: результаты.html
12:10:18  INFO      ✅ Дешевле: 0  🔴 Дороже: 2  ⚠️ Ошибок: 3
09:47:03  INFO      =======================================================
09:47:03  INFO      Старт  23.06.2026 09:47
09:47:03  INFO      =======================================================
09:47:03  INFO      Считано товаров: 1
09:47:03  INFO      [1/5]  Z257998PG001  —  tpro.by
09:47:04  INFO        ✓ 527.00 р.
09:47:06  INFO      [2/5]  Z257998PG001  —  7745.by
09:47:06  INFO      Warm-up: https://7745.by
09:47:09  WARNING   Цена не найдена на 7745.by (HTML: debug_7745_by.html, размер: 1261 байт)
09:47:09  WARNING     ✗ Цена не найдена
09:47:11  INFO      [3/5]  Z257998PG001  —  voltra.by
09:47:11  ERROR     HTTP 403 на voltra.by — геоблок. Запустите парсер локально с ПК.
09:47:11  WARNING     ✗ HTTP 403
09:47:13  INFO      [4/5]  Z257998PG001  —  21vek.by
09:47:15  INFO        ✓ 663.00 р.
09:47:17  INFO      [5/5]  Z257998PG001  —  amd.by
09:47:17  INFO      Warm-up: https://www.amd.by
09:47:20  WARNING   Цена не найдена на amd.by (HTML: debug_amd_by.html, размер: 1261 байт)
09:47:20  WARNING     ✗ Цена не найдена
09:47:22  INFO      CSV: результаты.csv
09:47:22  INFO      HTML: результаты.html
09:47:22  INFO      ✅ Дешевле: 0  🔴 Дороже: 2  ⚠️ Ошибок: 3
09:36:08  INFO      =======================================================
09:36:08  INFO      Старт  24.06.2026 09:36
09:36:08  INFO      =======================================================
09:36:08  INFO      Считано товаров: 1
09:36:08  INFO      [1/5]  Z257998PG001  —  tpro.by
09:36:09  INFO        ✓ 527.00 р.
09:36:11  INFO      [2/5]  Z257998PG001  —  7745.by
09:36:11  INFO      Warm-up: https://7745.by
09:36:13  WARNING   Цена не найдена на 7745.by (HTML: debug_7745_by.html, размер: 1261 байт)
09:36:13  WARNING     ✗ Цена не найдена
09:36:15  INFO      [3/5]  Z257998PG001  —  voltra.by
09:36:16  ERROR     HTTP 403 на voltra.by — геоблок. Запустите парсер локально с ПК.
09:36:16  WARNING     ✗ HTTP 403
09:36:18  INFO      [4/5]  Z257998PG001  —  21vek.by
09:36:19  INFO        ✓ 663.00 р.
09:36:21  INFO      [5/5]  Z257998PG001  —  amd.by
09:36:21  INFO      Warm-up: https://www.amd.by
09:36:23  WARNING   Цена не найдена на amd.by (HTML: debug_amd_by.html, размер: 1261 байт)
09:36:23  WARNING     ✗ Цена не найдена
09:36:25  INFO      CSV: результаты.csv
09:36:25  INFO      HTML: результаты.html
09:36:25  INFO      ✅ Дешевле: 0  🔴 Дороже: 2  ⚠️ Ошибок: 3
09:27:06  INFO      =======================================================
09:27:06  INFO      Старт  25.06.2026 09:27
09:27:06  INFO      =======================================================
09:27:06  INFO      Считано товаров: 1
09:27:06  INFO      [1/5]  Z257998PG001  —  tpro.by
09:27:08  INFO        ✓ 527.00 р.
09:27:10  INFO      [2/5]  Z257998PG001  —  7745.by
09:27:10  INFO      Warm-up: https://7745.by
09:27:12  WARNING   Цена не найдена на 7745.by (HTML: debug_7745_by.html, размер: 1261 байт)
09:27:12  WARNING     ✗ Цена не найдена
09:27:14  INFO      [3/5]  Z257998PG001  —  voltra.by
09:27:19  ERROR     HTTP 403 на voltra.by — геоблок. Запустите парсер локально с ПК.
09:27:19  WARNING     ✗ HTTP 403
09:27:21  INFO      [4/5]  Z257998PG001  —  21vek.by
09:27:23  INFO        ✓ 663.00 р.
09:27:25  INFO      [5/5]  Z257998PG001  —  amd.by
09:27:25  INFO      Warm-up: https://www.amd.by
09:27:48  WARNING   Цена не найдена на amd.by (HTML: debug_amd_by.html, размер: 1261 байт)
09:27:48  WARNING     ✗ Цена не найдена
09:27:50  INFO      CSV: результаты.csv
09:27:50  INFO      HTML: результаты.html
09:27:50  INFO      ✅ Дешевле: 0  🔴 Дороже: 2  ⚠️ Ошибок: 3
09:32:44  INFO      =======================================================
09:32:44  INFO      Старт  26.06.2026 09:32
09:32:44  INFO      =======================================================
09:32:44  INFO      Считано товаров: 1
09:32:44  INFO      [1/5]  Z257998PG001  —  tpro.by
09:32:46  INFO        ✓ 527.00 р.
09:32:48  INFO      [2/5]  Z257998PG001  —  7745.by
09:32:48  INFO      Warm-up: https://7745.by
09:32:50  WARNING   Цена не найдена на 7745.by (HTML: debug_7745_by.html, размер: 1261 байт)
09:32:50  WARNING     ✗ Цена не найдена
09:32:52  INFO      [3/5]  Z257998PG001  —  voltra.by
09:32:53  WARNING   Цена не найдена на voltra.by (HTML: debug_voltra_by.html, размер: 1261 байт)
09:32:53  WARNING     ✗ Цена не найдена
09:32:55  INFO      [4/5]  Z257998PG001  —  21vek.by
09:32:57  INFO        ✓ 663.00 р.
09:32:59  INFO      [5/5]  Z257998PG001  —  amd.by
09:32:59  INFO      Warm-up: https://www.amd.by
09:33:01  WARNING   Цена не найдена на amd.by (HTML: debug_amd_by.html, размер: 1261 байт)
09:33:01  WARNING     ✗ Цена не найдена
09:33:03  INFO      CSV: результаты.csv
09:33:03  INFO      HTML: результаты.html
09:33:03  INFO      ✅ Дешевле: 0  🔴 Дороже: 2  ⚠️ Ошибок: 3
08:39:30  INFO      =======================================================
08:39:30  INFO      Старт  27.06.2026 08:39
08:39:30  INFO      =======================================================
08:39:30  INFO      Считано товаров: 1
08:39:30  INFO      [1/5]  Z257998PG001  —  tpro.by
08:39:40  INFO        ✓ 527.00 р.
08:39:42  INFO      [2/5]  Z257998PG001  —  7745.by
08:39:42  INFO      Warm-up: https://7745.by
08:39:44  WARNING   Цена не найдена на 7745.by (HTML: debug_7745_by.html, размер: 1261 байт)
08:39:44  WARNING     ✗ Цена не найдена
08:39:46  INFO      [3/5]  Z257998PG001  —  voltra.by
08:39:46  WARNING   Цена не найдена на voltra.by (HTML: debug_voltra_by.html, размер: 1261 байт)
08:39:46  WARNING     ✗ Цена не найдена
08:39:48  INFO      [4/5]  Z257998PG001  —  21vek.by
08:39:50  INFO        ✓ 663.00 р.
08:39:52  INFO      [5/5]  Z257998PG001  —  amd.by
08:39:52  INFO      Warm-up: https://www.amd.by
08:39:54  WARNING   Цена не найдена на amd.by (HTML: debug_amd_by.html, размер: 1261 байт)
08:39:54  WARNING     ✗ Цена не найдена
08:39:56  INFO      CSV: результаты.csv
08:39:56  INFO      HTML: результаты.html
08:39:56  INFO      ✅ Дешевле: 0  🔴 Дороже: 2  ⚠️ Ошибок: 3
08:56:46  INFO      =======================================================
08:56:46  INFO      Старт  28.06.2026 08:56
08:56:46  INFO      =======================================================
08:56:46  INFO      Считано товаров: 1
08:56:46  INFO      [1/5]  Z257998PG001  —  tpro.by
08:56:48  INFO        ✓ 527.00 р.
08:56:50  INFO      [2/5]  Z257998PG001  —  7745.by
08:56:50  INFO      Warm-up: https://7745.by
08:56:51  WARNING   Цена не найдена на 7745.by (HTML: debug_7745_by.html, размер: 1261 байт)
08:56:51  WARNING     ✗ Цена не найдена
08:56:53  INFO      [3/5]  Z257998PG001  —  voltra.by
08:56:54  WARNING   Цена не найдена на voltra.by (HTML: debug_voltra_by.html, размер: 1261 байт)
08:56:54  WARNING     ✗ Цена не найдена
08:56:56  INFO      [4/5]  Z257998PG001  —  21vek.by
08:56:58  INFO        ✓ 663.00 р.
08:57:00  INFO      [5/5]  Z257998PG001  —  amd.by
08:57:00  INFO      Warm-up: https://www.amd.by
08:57:02  WARNING   Цена не найдена на amd.by (HTML: debug_amd_by.html, размер: 1261 байт)
08:57:02  WARNING     ✗ Цена не найдена
08:57:04  INFO      CSV: результаты.csv
08:57:04  INFO      HTML: результаты.html
08:57:04  INFO      ✅ Дешевле: 0  🔴 Дороже: 2  ⚠️ Ошибок: 3
11:05:54  INFO      =======================================================
11:05:54  INFO      Старт  29.06.2026 11:05
11:05:54  INFO      =======================================================
11:05:54  INFO      Считано товаров: 1
11:05:54  INFO      [1/5]  Z257998PG001  —  tpro.by
11:05:56  INFO        ✓ 527.00 р.
11:05:58  INFO      [2/5]  Z257998PG001  —  7745.by
11:05:58  INFO      Warm-up: https://7745.by
11:06:00  WARNING   Цена не найдена на 7745.by (HTML: debug_7745_by.html, размер: 1261 байт)
11:06:00  WARNING     ✗ Цена не найдена
11:06:02  INFO      [3/5]  Z257998PG001  —  voltra.by
11:06:02  WARNING   Цена не найдена на voltra.by (HTML: debug_voltra_by.html, размер: 1261 байт)
11:06:02  WARNING     ✗ Цена не найдена
11:06:04  INFO      [4/5]  Z257998PG001  —  21vek.by
11:06:06  INFO        ✓ 663.00 р.
11:06:08  INFO      [5/5]  Z257998PG001  —  amd.by
11:06:08  INFO      Warm-up: https://www.amd.by
11:06:11  WARNING   Цена не найдена на amd.by (HTML: debug_amd_by.html, размер: 1261 байт)
11:06:11  WARNING     ✗ Цена не найдена
11:06:13  INFO      CSV: результаты.csv
11:06:13  INFO      HTML: результаты.html
11:06:13  INFO      ✅ Дешевле: 0  🔴 Дороже: 2  ⚠️ Ошибок: 3
09:42:05  INFO      =======================================================
09:42:05  INFO      Старт  30.06.2026 09:42
09:42:05  INFO      =======================================================
09:42:05  INFO      Считано товаров: 1
09:42:05  INFO      [1/5]  Z257998PG001  —  tpro.by
09:42:06  INFO        ✓ 527.00 р.
09:42:08  INFO      [2/5]  Z257998PG001  —  7745.by
09:42:08  INFO      Warm-up: https://7745.by
09:42:11  WARNING   Цена не найдена на 7745.by (HTML: debug_7745_by.html, размер: 1261 байт)
09:42:11  WARNING     ✗ Цена не найдена
09:42:13  INFO      [3/5]  Z257998PG001  —  voltra.by
09:42:13  WARNING   Цена не найдена на voltra.by (HTML: debug_voltra_by.html, размер: 1261 байт)
09:42:13  WARNING     ✗ Цена не найдена
09:42:15  INFO      [4/5]  Z257998PG001  —  21vek.by
09:42:17  INFO        ✓ 663.00 р.
09:42:19  INFO      [5/5]  Z257998PG001  —  amd.by
09:42:19  INFO      Warm-up: https://www.amd.by
09:42:21  WARNING   Цена не найдена на amd.by (HTML: debug_amd_by.html, размер: 1261 байт)
09:42:21  WARNING     ✗ Цена не найдена
09:42:23  INFO      CSV: результаты.csv
09:42:23  INFO      HTML: результаты.html
09:42:23  INFO      ✅ Дешевле: 0  🔴 Дороже: 2  ⚠️ Ошибок: 3
09:53:57  INFO      =======================================================
09:53:57  INFO      Старт  01.07.2026 09:53
09:53:57  INFO      =======================================================
09:53:57  INFO      Считано товаров: 1
09:53:57  INFO      [1/5]  Z257998PG001  —  tpro.by
09:53:58  INFO        ✓ 527.00 р.
09:54:00  INFO      [2/5]  Z257998PG001  —  7745.by
09:54:00  INFO      Warm-up: https://7745.by
09:54:02  WARNING   Цена не найдена на 7745.by (HTML: debug_7745_by.html, размер: 1261 байт)
09:54:02  WARNING     ✗ Цена не найдена
09:54:04  INFO      [3/5]  Z257998PG001  —  voltra.by
09:54:04  WARNING   Цена не найдена на voltra.by (HTML: debug_voltra_by.html, размер: 1261 байт)
09:54:04  WARNING     ✗ Цена не найдена
09:54:06  INFO      [4/5]  Z257998PG001  —  21vek.by
09:54:08  INFO        ✓ 672.00 р.
09:54:10  INFO      [5/5]  Z257998PG001  —  amd.by
09:54:10  INFO      Warm-up: https://www.amd.by
09:54:12  WARNING   Цена не найдена на amd.by (HTML: debug_amd_by.html, размер: 1261 байт)
09:54:12  WARNING     ✗ Цена не найдена
09:54:14  INFO      CSV: результаты.csv
09:54:14  INFO      HTML: результаты.html
09:54:14  INFO      ✅ Дешевле: 0  🔴 Дороже: 2  ⚠️ Ошибок: 3
09:17:01  INFO      =======================================================
09:17:01  INFO      Старт  02.07.2026 09:17
09:17:01  INFO      =======================================================
09:17:01  INFO      Считано товаров: 1
09:17:01  INFO      [1/5]  Z257998PG001  —  tpro.by
09:17:03  INFO        ✓ 527.00 р.
09:17:05  INFO      [2/5]  Z257998PG001  —  7745.by
09:17:05  INFO      Warm-up: https://7745.by
09:17:07  WARNING   Цена не найдена на 7745.by (HTML: debug_7745_by.html, размер: 1261 байт)
09:17:07  WARNING     ✗ Цена не найдена
09:17:09  INFO      [3/5]  Z257998PG001  —  voltra.by
09:17:11  ERROR     HTTP 403 на voltra.by — геоблок. Запустите парсер локально с ПК.
09:17:11  WARNING     ✗ HTTP 403
09:17:13  INFO      [4/5]  Z257998PG001  —  21vek.by
09:17:15  INFO        ✓ 654.75 р.
09:17:17  INFO      [5/5]  Z257998PG001  —  amd.by
09:17:17  INFO      Warm-up: https://www.amd.by
09:17:20  WARNING   Цена не найдена на amd.by (HTML: debug_amd_by.html, размер: 1261 байт)
09:17:20  WARNING     ✗ Цена не найдена
09:17:22  INFO      CSV: результаты.csv
09:17:22  INFO      HTML: результаты.html
09:17:22  INFO      ✅ Дешевле: 0  🔴 Дороже: 2  ⚠️ Ошибок: 3
09:22:58  INFO      =======================================================
09:22:58  INFO      Старт  03.07.2026 09:22
09:22:58  INFO      =======================================================
09:22:58  INFO      Считано товаров: 1
09:22:58  INFO      [1/5]  Z257998PG001  —  tpro.by
09:23:03  INFO        ✓ 527.00 р.
09:23:05  INFO      [2/5]  Z257998PG001  —  7745.by
09:23:05  INFO      Warm-up: https://7745.by
09:23:07  WARNING   Цена не найдена на 7745.by (HTML: debug_7745_by.html, размер: 1261 байт)
09:23:07  WARNING     ✗ Цена не найдена
09:23:09  INFO      [3/5]  Z257998PG001  —  voltra.by
09:23:09  ERROR     HTTP 403 на voltra.by — геоблок. Запустите парсер локально с ПК.
09:23:09  WARNING     ✗ HTTP 403
09:23:11  INFO      [4/5]  Z257998PG001  —  21vek.by
09:23:13  INFO        ✓ 693.00 р.
09:23:15  INFO      [5/5]  Z257998PG001  —  amd.by
09:23:15  INFO      Warm-up: https://www.amd.by
09:23:18  WARNING   Цена не найдена на amd.by (HTML: debug_amd_by.html, размер: 1261 байт)
09:23:18  WARNING     ✗ Цена не найдена
09:23:20  INFO      CSV: результаты.csv
09:23:20  INFO      HTML: результаты.html
09:23:20  INFO      ✅ Дешевле: 1  🔴 Дороже: 1  ⚠️ Ошибок: 3
08:41:17  INFO      =======================================================
08:41:17  INFO      Старт  04.07.2026 08:41
08:41:17  INFO      =======================================================
08:41:17  INFO      Считано товаров: 1
08:41:17  INFO      [1/5]  Z257998PG001  —  tpro.by
08:41:19  INFO        ✓ 527.00 р.
08:41:21  INFO      [2/5]  Z257998PG001  —  7745.by
08:41:21  INFO      Warm-up: https://7745.by
08:41:23  WARNING   Цена не найдена на 7745.by (HTML: debug_7745_by.html, размер: 1261 байт)
08:41:23  WARNING     ✗ Цена не найдена
08:41:25  INFO      [3/5]  Z257998PG001  —  voltra.by
08:41:26  ERROR     HTTP 403 на voltra.by — геоблок. Запустите парсер локально с ПК.
08:41:26  WARNING     ✗ HTTP 403
08:41:28  INFO      [4/5]  Z257998PG001  —  21vek.by
08:41:32  INFO        ✓ 684.00 р.
08:41:34  INFO      [5/5]  Z257998PG001  —  amd.by
08:41:34  INFO      Warm-up: https://www.amd.by
08:41:36  WARNING   Цена не найдена на amd.by (HTML: debug_amd_by.html, размер: 1261 байт)
08:41:36  WARNING     ✗ Цена не найдена
08:41:38  INFO      CSV: результаты.csv
08:41:38  INFO      HTML: результаты.html
08:41:38  INFO      ✅ Дешевле: 0  🔴 Дороже: 2  ⚠️ Ошибок: 3
08:56:19  INFO      =======================================================
08:56:19  INFO      Старт  05.07.2026 08:56
08:56:19  INFO      =======================================================
08:56:19  INFO      Считано товаров: 1
08:56:19  INFO      [1/5]  Z257998PG001  —  tpro.by
08:56:20  INFO        ✓ 527.00 р.
08:56:22  INFO      [2/5]  Z257998PG001  —  7745.by
08:56:22  INFO      Warm-up: https://7745.by
08:56:24  WARNING   Цена не найдена на 7745.by (HTML: debug_7745_by.html, размер: 1261 байт)
08:56:24  WARNING     ✗ Цена не найдена
08:56:26  INFO      [3/5]  Z257998PG001  —  voltra.by
08:56:26  ERROR     HTTP 403 на voltra.by — геоблок. Запустите парсер локально с ПК.
08:56:26  WARNING     ✗ HTTP 403
08:56:28  INFO      [4/5]  Z257998PG001  —  21vek.by
08:56:30  INFO        ✓ 663.00 р.
08:56:32  INFO      [5/5]  Z257998PG001  —  amd.by
08:56:32  INFO      Warm-up: https://www.amd.by
08:56:34  WARNING   Цена не найдена на amd.by (HTML: debug_amd_by.html, размер: 1261 байт)
08:56:34  WARNING     ✗ Цена не найдена
08:56:36  INFO      CSV: результаты.csv
08:56:36  INFO      HTML: результаты.html
08:56:36  INFO      ✅ Дешевле: 0  🔴 Дороже: 2  ⚠️ Ошибок: 3
10:42:34  INFO      =======================================================
10:42:34  INFO      Старт  06.07.2026 10:42
10:42:34  INFO      =======================================================
10:42:34  INFO      Считано товаров: 1
10:42:34  INFO      [1/5]  Z257998PG001  —  tpro.by
10:42:35  INFO        ✓ 527.00 р.
10:42:37  INFO      [2/5]  Z257998PG001  —  7745.by
10:42:37  INFO      Warm-up: https://7745.by
10:42:39  WARNING   Цена не найдена на 7745.by (HTML: debug_7745_by.html, размер: 1261 байт)
10:42:39  WARNING     ✗ Цена не найдена
10:42:41  INFO      [3/5]  Z257998PG001  —  voltra.by
10:42:42  WARNING   Цена не найдена на voltra.by (HTML: debug_voltra_by.html, размер: 1261 байт)
10:42:42  WARNING     ✗ Цена не найдена
10:42:44  INFO      [4/5]  Z257998PG001  —  21vek.by
10:42:45  INFO        ✓ 654.00 р.
10:42:47  INFO      [5/5]  Z257998PG001  —  amd.by
10:42:47  INFO      Warm-up: https://www.amd.by
10:42:50  WARNING   Цена не найдена на amd.by (HTML: debug_amd_by.html, размер: 1261 байт)
10:42:50  WARNING     ✗ Цена не найдена
10:42:52  INFO      CSV: результаты.csv
10:42:52  INFO      HTML: результаты.html
10:42:52  INFO      ✅ Дешевле: 0  🔴 Дороже: 2  ⚠️ Ошибок: 3
09:47:27  INFO      =======================================================
09:47:27  INFO      Старт  07.07.2026 09:47
09:47:27  INFO      =======================================================
09:47:27  INFO      Считано товаров: 1
09:47:27  INFO      [1/5]  Z257998PG001  —  tpro.by
09:47:28  INFO        ✓ 527.00 р.
09:47:30  INFO      [2/5]  Z257998PG001  —  7745.by
09:47:30  INFO      Warm-up: https://7745.by
09:47:31  WARNING   Цена не найдена на 7745.by (HTML: debug_7745_by.html, размер: 1261 байт)
09:47:31  WARNING     ✗ Цена не найдена
09:47:33  INFO      [3/5]  Z257998PG001  —  voltra.by
09:47:34  WARNING   Цена не найдена на voltra.by (HTML: debug_voltra_by.html, размер: 1261 байт)
09:47:34  WARNING     ✗ Цена не найдена
09:47:36  INFO      [4/5]  Z257998PG001  —  21vek.by
09:47:38  INFO        ✓ 647.00 р.
09:47:40  INFO      [5/5]  Z257998PG001  —  amd.by
09:47:40  INFO      Warm-up: https://www.amd.by
09:47:42  WARNING   Цена не найдена на amd.by (HTML: debug_amd_by.html, размер: 1261 байт)
09:47:42  WARNING     ✗ Цена не найдена
09:47:44  INFO      CSV: результаты.csv
09:47:44  INFO      HTML: результаты.html
09:47:44  INFO      ✅ Дешевле: 0  🔴 Дороже: 2  ⚠️ Ошибок: 3
08:33:20  INFO      =======================================================
08:33:20  INFO      Старт  08.07.2026 08:33
08:33:20  INFO      =======================================================
08:33:20  INFO      Считано товаров: 1
08:33:20  INFO      [1/5]  Z257998PG001  —  tpro.by
08:33:21  INFO        ✓ 527.00 р.
08:33:23  INFO      [2/5]  Z257998PG001  —  7745.by
08:33:23  INFO      Warm-up: https://7745.by
08:33:25  WARNING   Цена не найдена на 7745.by (HTML: debug_7745_by.html, размер: 1261 байт)
08:33:25  WARNING     ✗ Цена не найдена
08:33:27  INFO      [3/5]  Z257998PG001  —  voltra.by
08:33:28  ERROR     HTTP 403 на voltra.by — геоблок. Запустите парсер локально с ПК.
08:33:28  WARNING     ✗ HTTP 403
08:33:30  INFO      [4/5]  Z257998PG001  —  21vek.by
08:33:32  INFO        ✓ 656.00 р.
08:33:34  INFO      [5/5]  Z257998PG001  —  amd.by
08:33:34  INFO      Warm-up: https://www.amd.by
08:33:36  WARNING   Цена не найдена на amd.by (HTML: debug_amd_by.html, размер: 1261 байт)
08:33:36  WARNING     ✗ Цена не найдена
08:33:38  INFO      CSV: результаты.csv
08:33:38  INFO      HTML: результаты.html
08:33:38  INFO      ✅ Дешевле: 0  🔴 Дороже: 2  ⚠️ Ошибок: 3
09:54:58  INFO      =======================================================
09:54:58  INFO      Старт  09.07.2026 09:54
09:54:58  INFO      =======================================================
09:54:58  INFO      Считано товаров: 1
09:54:58  INFO      [1/5]  Z257998PG001  —  tpro.by
09:55:00  INFO        ✓ 527.00 р.
09:55:02  INFO      [2/5]  Z257998PG001  —  7745.by
09:55:02  INFO      Warm-up: https://7745.by
09:55:04  WARNING   Цена не найдена на 7745.by (HTML: debug_7745_by.html, размер: 1261 байт)
09:55:04  WARNING     ✗ Цена не найдена
09:55:06  INFO      [3/5]  Z257998PG001  —  voltra.by
09:55:07  WARNING   Цена не найдена на voltra.by (HTML: debug_voltra_by.html, размер: 1261 байт)
09:55:07  WARNING     ✗ Цена не найдена
09:55:09  INFO      [4/5]  Z257998PG001  —  21vek.by
09:55:11  INFO        ✓ 662.00 р.
09:55:13  INFO      [5/5]  Z257998PG001  —  amd.by
09:55:13  INFO      Warm-up: https://www.amd.by
09:55:16  WARNING   Цена не найдена на amd.by (HTML: debug_amd_by.html, размер: 1261 байт)
09:55:16  WARNING     ✗ Цена не найдена
09:55:18  INFO      CSV: результаты.csv
09:55:18  INFO      HTML: результаты.html
09:55:18  INFO      ✅ Дешевле: 0  🔴 Дороже: 2  ⚠️ Ошибок: 3
09:39:58  INFO      =======================================================
09:39:58  INFO      Старт  10.07.2026 09:39
09:39:58  INFO      =======================================================
09:39:58  INFO      Считано товаров: 1
09:39:58  INFO      [1/5]  Z257998PG001  —  tpro.by
09:40:00  INFO        ✓ 527.00 р.
09:40:02  INFO      [2/5]  Z257998PG001  —  7745.by
09:40:02  INFO      Warm-up: https://7745.by
09:40:04  WARNING   Цена не найдена на 7745.by (HTML: debug_7745_by.html, размер: 1261 байт)
09:40:04  WARNING     ✗ Цена не найдена
09:40:06  INFO      [3/5]  Z257998PG001  —  voltra.by
09:40:06  ERROR     HTTP 403 на voltra.by — геоблок. Запустите парсер локально с ПК.
09:40:06  WARNING     ✗ HTTP 403
09:40:08  INFO      [4/5]  Z257998PG001  —  21vek.by
09:40:10  INFO        ✓ 650.00 р.
09:40:12  INFO      [5/5]  Z257998PG001  —  amd.by
09:40:12  INFO      Warm-up: https://www.amd.by
09:40:15  WARNING   Цена не найдена на amd.by (HTML: debug_amd_by.html, размер: 1261 байт)
09:40:15  WARNING     ✗ Цена не найдена
09:40:17  INFO      CSV: результаты.csv
09:40:17  INFO      HTML: результаты.html
09:40:17  INFO      ✅ Дешевле: 0  🔴 Дороже: 2  ⚠️ Ошибок: 3
08:00:21  INFO      =======================================================
08:00:21  INFO      Старт  11.07.2026 08:00
08:00:21  INFO      =======================================================
08:00:21  INFO      Считано товаров: 1
08:00:21  INFO      [1/5]  Z257998PG001  —  tpro.by
08:00:23  INFO        ✓ 527.00 р.
08:00:25  INFO      [2/5]  Z257998PG001  —  7745.by
08:00:25  INFO      Warm-up: https://7745.by
08:00:26  WARNING   Цена не найдена на 7745.by (HTML: debug_7745_by.html, размер: 1261 байт)
08:00:26  WARNING     ✗ Цена не найдена
08:00:28  INFO      [3/5]  Z257998PG001  —  voltra.by
08:00:29  ERROR     HTTP 403 на voltra.by — геоблок. Запустите парсер локально с ПК.
08:00:29  WARNING     ✗ HTTP 403
08:00:31  INFO      [4/5]  Z257998PG001  —  21vek.by
08:00:32  INFO        ✓ 644.00 р.
08:00:34  INFO      [5/5]  Z257998PG001  —  amd.by
08:00:34  INFO      Warm-up: https://www.amd.by
08:00:36  WARNING   Цена не найдена на amd.by (HTML: debug_amd_by.html, размер: 1261 байт)
08:00:36  WARNING     ✗ Цена не найдена
08:00:38  INFO      CSV: результаты.csv
08:00:38  INFO      HTML: результаты.html
08:00:38  INFO      ✅ Дешевле: 0  🔴 Дороже: 2  ⚠️ Ошибок: 3
08:21:44  INFO      =======================================================
08:21:44  INFO      Старт  12.07.2026 08:21
08:21:44  INFO      =======================================================
08:21:44  INFO      Считано товаров: 1
08:21:44  INFO      [1/5]  Z257998PG001  —  tpro.by
08:21:46  INFO        ✓ 527.00 р.
08:21:48  INFO      [2/5]  Z257998PG001  —  7745.by
08:21:48  INFO      Warm-up: https://7745.by
08:21:49  WARNING   Цена не найдена на 7745.by (HTML: debug_7745_by.html, размер: 1261 байт)
08:21:49  WARNING     ✗ Цена не найдена
08:21:51  INFO      [3/5]  Z257998PG001  —  voltra.by
08:21:52  ERROR     HTTP 403 на voltra.by — геоблок. Запустите парсер локально с ПК.
08:21:52  WARNING     ✗ HTTP 403
08:21:54  INFO      [4/5]  Z257998PG001  —  21vek.by
08:21:55  INFO        ✓ 644.00 р.
08:21:57  INFO      [5/5]  Z257998PG001  —  amd.by
08:21:57  INFO      Warm-up: https://www.amd.by
08:22:00  WARNING   Цена не найдена на amd.by (HTML: debug_amd_by.html, размер: 1261 байт)
08:22:00  WARNING     ✗ Цена не найдена
08:22:02  INFO      CSV: результаты.csv
08:22:02  INFO      HTML: результаты.html
08:22:02  INFO      ✅ Дешевле: 0  🔴 Дороже: 2  ⚠️ Ошибок: 3
09:32:34  INFO      =======================================================
09:32:34  INFO      Старт  13.07.2026 09:32
09:32:34  INFO      =======================================================
09:32:35  INFO      Считано товаров: 1
09:32:35  INFO      [1/5]  Z257998PG001  —  tpro.by
09:32:36  INFO        ✓ 527.00 р.
09:32:38  INFO      [2/5]  Z257998PG001  —  7745.by
09:32:38  INFO      Warm-up: https://7745.by
09:32:39  WARNING   Цена не найдена на 7745.by (HTML: debug_7745_by.html, размер: 1261 байт)
09:32:39  WARNING     ✗ Цена не найдена
09:32:41  INFO      [3/5]  Z257998PG001  —  voltra.by
09:32:42  WARNING   Цена не найдена на voltra.by (HTML: debug_voltra_by.html, размер: 1261 байт)
09:32:42  WARNING     ✗ Цена не найдена
09:32:44  INFO      [4/5]  Z257998PG001  —  21vek.by
09:32:45  INFO        ✓ 644.00 р.
09:32:47  INFO      [5/5]  Z257998PG001  —  amd.by
09:32:47  INFO      Warm-up: https://www.amd.by
09:32:49  WARNING   Цена не найдена на amd.by (HTML: debug_amd_by.html, размер: 1261 байт)
09:32:49  WARNING     ✗ Цена не найдена
09:32:51  INFO      CSV: результаты.csv
09:32:51  INFO      HTML: результаты.html
09:32:51  INFO      ✅ Дешевле: 0  🔴 Дороже: 2  ⚠️ Ошибок: 3
08:11:06  INFO      =======================================================
08:11:06  INFO      Старт  14.07.2026 08:11
08:11:06  INFO      =======================================================
08:11:06  INFO      Считано товаров: 1
08:11:06  INFO      [1/5]  Z257998PG001  —  tpro.by
08:11:08  INFO        ✓ 527.00 р.
08:11:10  INFO      [2/5]  Z257998PG001  —  7745.by
08:11:10  INFO      Warm-up: https://7745.by
08:11:12  WARNING   Цена не найдена на 7745.by (HTML: debug_7745_by.html, размер: 1261 байт)
08:11:12  WARNING     ✗ Цена не найдена
08:11:14  INFO      [3/5]  Z257998PG001  —  voltra.by
08:11:15  ERROR     HTTP 403 на voltra.by — геоблок. Запустите парсер локально с ПК.
08:11:15  WARNING     ✗ HTTP 403
08:11:17  INFO      [4/5]  Z257998PG001  —  21vek.by
08:11:18  INFO        ✓ 644.00 р.
08:11:20  INFO      [5/5]  Z257998PG001  —  amd.by
08:11:20  INFO      Warm-up: https://www.amd.by
08:11:23  WARNING   Цена не найдена на amd.by (HTML: debug_amd_by.html, размер: 1261 байт)
08:11:23  WARNING     ✗ Цена не найдена
08:11:25  INFO      CSV: результаты.csv
08:11:25  INFO      HTML: результаты.html
08:11:25  INFO      ✅ Дешевле: 0  🔴 Дороже: 2  ⚠️ Ошибок: 3
08:18:30  INFO      =======================================================
08:18:30  INFO      Старт  15.07.2026 08:18
08:18:30  INFO      =======================================================
08:18:30  INFO      Считано товаров: 1
08:18:30  INFO      [1/5]  Z257998PG001  —  tpro.by
08:18:32  INFO        ✓ 527.00 р.
08:18:34  INFO      [2/5]  Z257998PG001  —  7745.by
08:18:34  INFO      Warm-up: https://7745.by
08:18:36  WARNING   Цена не найдена на 7745.by (HTML: debug_7745_by.html, размер: 1261 байт)
08:18:36  WARNING     ✗ Цена не найдена
08:18:38  INFO      [3/5]  Z257998PG001  —  voltra.by
08:18:39  WARNING   Цена не найдена на voltra.by (HTML: debug_voltra_by.html, размер: 1261 байт)
08:18:39  WARNING     ✗ Цена не найдена
08:18:41  INFO      [4/5]  Z257998PG001  —  21vek.by
08:18:43  INFO        ✓ 671.00 р.
08:18:45  INFO      [5/5]  Z257998PG001  —  amd.by
08:18:45  INFO      Warm-up: https://www.amd.by
08:18:48  WARNING   Цена не найдена на amd.by (HTML: debug_amd_by.html, размер: 1261 байт)
08:18:48  WARNING     ✗ Цена не найдена
08:18:50  INFO      CSV: результаты.csv
08:18:50  INFO      HTML: результаты.html
08:18:50  INFO      ✅ Дешевле: 0  🔴 Дороже: 2  ⚠️ Ошибок: 3
08:18:18  INFO      =======================================================
08:18:18  INFO      Старт  16.07.2026 08:18
08:18:18  INFO      =======================================================
08:18:18  INFO      Считано товаров: 1
08:18:18  INFO      [1/5]  Z257998PG001  —  tpro.by
08:18:19  INFO        ✓ 527.00 р.
08:18:21  INFO      [2/5]  Z257998PG001  —  7745.by
08:18:21  INFO      Warm-up: https://7745.by
08:18:23  WARNING   Цена не найдена на 7745.by (HTML: debug_7745_by.html, размер: 1261 байт)
08:18:23  WARNING     ✗ Цена не найдена
08:18:25  INFO      [3/5]  Z257998PG001  —  voltra.by
08:18:25  ERROR     HTTP 403 на voltra.by — геоблок. Запустите парсер локально с ПК.
08:18:25  WARNING     ✗ HTTP 403
08:18:27  INFO      [4/5]  Z257998PG001  —  21vek.by
08:18:29  INFO        ✓ 662.00 р.
08:18:31  INFO      [5/5]  Z257998PG001  —  amd.by
08:18:31  INFO      Warm-up: https://www.amd.by
08:18:33  WARNING   Цена не найдена на amd.by (HTML: debug_amd_by.html, размер: 1261 байт)
08:18:33  WARNING     ✗ Цена не найдена
08:18:35  INFO      CSV: результаты.csv
08:18:35  INFO      HTML: результаты.html
08:18:35  INFO      ✅ Дешевле: 0  🔴 Дороже: 2  ⚠️ Ошибок: 3
08:13:56  INFO      =======================================================
08:13:56  INFO      Старт  17.07.2026 08:13
08:13:56  INFO      =======================================================
08:13:56  INFO      Считано товаров: 1
08:13:56  INFO      [1/5]  Z257998PG001  —  tpro.by
08:13:57  INFO        ✓ 527.00 р.
08:13:59  INFO      [2/5]  Z257998PG001  —  7745.by
08:13:59  INFO      Warm-up: https://7745.by
08:14:01  WARNING   Цена не найдена на 7745.by (HTML: debug_7745_by.html, размер: 1261 байт)
08:14:01  WARNING     ✗ Цена не найдена
08:14:03  INFO      [3/5]  Z257998PG001  —  voltra.by
08:14:03  ERROR     HTTP 403 на voltra.by — геоблок. Запустите парсер локально с ПК.
08:14:03  WARNING     ✗ HTTP 403
08:14:05  INFO      [4/5]  Z257998PG001  —  21vek.by
08:14:07  INFO        ✓ 656.00 р.
08:14:09  INFO      [5/5]  Z257998PG001  —  amd.by
08:14:09  INFO      Warm-up: https://www.amd.by
08:14:11  WARNING   Цена не найдена на amd.by (HTML: debug_amd_by.html, размер: 1261 байт)
08:14:11  WARNING     ✗ Цена не найдена
08:14:13  INFO      CSV: результаты.csv
08:14:13  INFO      HTML: результаты.html
08:14:13  INFO      ✅ Дешевле: 0  🔴 Дороже: 2  ⚠️ Ошибок: 3
07:56:11  INFO      =======================================================
07:56:11  INFO      Старт  18.07.2026 07:56
07:56:11  INFO      =======================================================
07:56:11  INFO      Считано товаров: 1
07:56:11  INFO      [1/5]  Z257998PG001  —  tpro.by
07:56:13  INFO        ✓ 527.00 р.
07:56:15  INFO      [2/5]  Z257998PG001  —  7745.by
07:56:15  INFO      Warm-up: https://7745.by
07:56:17  WARNING   Цена не найдена на 7745.by (HTML: debug_7745_by.html, размер: 1261 байт)
07:56:17  WARNING     ✗ Цена не найдена
07:56:19  INFO      [3/5]  Z257998PG001  —  voltra.by
07:56:20  ERROR     HTTP 403 на voltra.by — геоблок. Запустите парсер локально с ПК.
07:56:20  WARNING     ✗ HTTP 403
07:56:22  INFO      [4/5]  Z257998PG001  —  21vek.by
07:56:24  INFO        ✓ 653.00 р.
07:56:26  INFO      [5/5]  Z257998PG001  —  amd.by
07:56:26  INFO      Warm-up: https://www.amd.by
07:56:29  WARNING   Цена не найдена на amd.by (HTML: debug_amd_by.html, размер: 1261 байт)
07:56:29  WARNING     ✗ Цена не найдена
07:56:31  INFO      CSV: результаты.csv
07:56:31  INFO      HTML: результаты.html
07:56:31  INFO      ✅ Дешевле: 0  🔴 Дороже: 2  ⚠️ Ошибок: 3
08:23:09  INFO      =======================================================
08:23:09  INFO      Старт  19.07.2026 08:23
08:23:09  INFO      =======================================================
08:23:09  INFO      Считано товаров: 1
08:23:09  INFO      [1/5]  Z257998PG001  —  tpro.by
08:23:11  INFO        ✓ 527.00 р.
08:23:13  INFO      [2/5]  Z257998PG001  —  7745.by
08:23:13  INFO      Warm-up: https://7745.by
08:23:16  WARNING   Цена не найдена на 7745.by (HTML: debug_7745_by.html, размер: 1261 байт)
08:23:16  WARNING     ✗ Цена не найдена
08:23:18  INFO      [3/5]  Z257998PG001  —  voltra.by
08:23:19  ERROR     HTTP 403 на voltra.by — геоблок. Запустите парсер локально с ПК.
08:23:19  WARNING     ✗ HTTP 403
08:23:21  INFO      [4/5]  Z257998PG001  —  21vek.by
08:23:23  INFO        ✓ 652.00 р.
08:23:25  INFO      [5/5]  Z257998PG001  —  amd.by
08:23:25  INFO      Warm-up: https://www.amd.by
08:23:29  WARNING   Цена не найдена на amd.by (HTML: debug_amd_by.html, размер: 1261 байт)
08:23:29  WARNING     ✗ Цена не найдена
08:23:31  INFO      CSV: результаты.csv
08:23:31  INFO      HTML: результаты.html
08:23:31  INFO      ✅ Дешевле: 0  🔴 Дороже: 2  ⚠️ Ошибок: 3
09:19:19  INFO      =======================================================
09:19:19  INFO      Старт  20.07.2026 09:19
09:19:19  INFO      =======================================================
09:19:19  INFO      Считано товаров: 1
09:19:19  INFO      [1/5]  Z257998PG001  —  tpro.by
09:19:21  INFO        ✓ 527.00 р.
09:19:23  INFO      [2/5]  Z257998PG001  —  7745.by
09:19:23  INFO      Warm-up: https://7745.by
09:19:26  WARNING   Цена не найдена на 7745.by (HTML: debug_7745_by.html, размер: 1261 байт)
09:19:26  WARNING     ✗ Цена не найдена
09:19:28  INFO      [3/5]  Z257998PG001  —  voltra.by
09:19:28  ERROR     HTTP 403 на voltra.by — геоблок. Запустите парсер локально с ПК.
09:19:28  WARNING     ✗ HTTP 403
09:19:30  INFO      [4/5]  Z257998PG001  —  21vek.by
09:19:31  INFO        ✓ 651.00 р.
09:19:33  INFO      [5/5]  Z257998PG001  —  amd.by
09:19:33  INFO      Warm-up: https://www.amd.by
09:19:36  WARNING   Цена не найдена на amd.by (HTML: debug_amd_by.html, размер: 1261 байт)
09:19:36  WARNING     ✗ Цена не найдена
09:19:38  INFO      CSV: результаты.csv
09:19:38  INFO      HTML: результаты.html
09:19:38  INFO      ✅ Дешевле: 0  🔴 Дороже: 2  ⚠️ Ошибок: 3
08:32:55  INFO      =======================================================
08:32:55  INFO      Старт  21.07.2026 08:32
08:32:55  INFO      =======================================================
08:32:55  INFO      Считано товаров: 1
08:32:55  INFO      [1/5]  Z257998PG001  —  tpro.by
08:32:57  INFO        ✓ 527.00 р.
08:32:59  INFO      [2/5]  Z257998PG001  —  7745.by
08:32:59  INFO      Warm-up: https://7745.by
08:33:02  WARNING   Цена не найдена на 7745.by (HTML: debug_7745_by.html, размер: 1261 байт)
08:33:02  WARNING     ✗ Цена не найдена
08:33:04  INFO      [3/5]  Z257998PG001  —  voltra.by
08:33:04  ERROR     HTTP 403 на voltra.by — геоблок. Запустите парсер локально с ПК.
08:33:04  WARNING     ✗ HTTP 403
08:33:06  INFO      [4/5]  Z257998PG001  —  21vek.by
08:33:08  INFO        ✓ 663.00 р.
08:33:10  INFO      [5/5]  Z257998PG001  —  amd.by
08:33:10  INFO      Warm-up: https://www.amd.by
08:33:13  WARNING   Цена не найдена на amd.by (HTML: debug_amd_by.html, размер: 1261 байт)
08:33:13  WARNING     ✗ Цена не найдена
08:33:15  INFO      CSV: результаты.csv
08:33:15  INFO      HTML: результаты.html
08:33:15  INFO      ✅ Дешевле: 0  🔴 Дороже: 2  ⚠️ Ошибок: 3
08:32:47  INFO      =======================================================
08:32:47  INFO      Старт  22.07.2026 08:32
08:32:47  INFO      =======================================================
08:32:47  INFO      Считано товаров: 1
08:32:47  INFO      [1/5]  Z257998PG001  —  tpro.by
08:32:48  INFO        ✓ 527.00 р.
08:32:50  INFO      [2/5]  Z257998PG001  —  7745.by
08:32:50  INFO      Warm-up: https://7745.by
08:32:52  WARNING   Цена не найдена на 7745.by (HTML: debug_7745_by.html, размер: 1261 байт)
08:32:52  WARNING     ✗ Цена не найдена
08:32:54  INFO      [3/5]  Z257998PG001  —  voltra.by
08:32:55  ERROR     HTTP 403 на voltra.by — геоблок. Запустите парсер локально с ПК.
08:32:55  WARNING     ✗ HTTP 403
08:32:57  INFO      [4/5]  Z257998PG001  —  21vek.by
08:32:59  INFO        ✓ 663.00 р.
08:33:01  INFO      [5/5]  Z257998PG001  —  amd.by
08:33:01  INFO      Warm-up: https://www.amd.by
08:33:04  WARNING   Цена не найдена на amd.by (HTML: debug_amd_by.html, размер: 1261 байт)
08:33:04  WARNING     ✗ Цена не найдена
08:33:06  INFO      CSV: результаты.csv
08:33:06  INFO      HTML: результаты.html
08:33:06  INFO      ✅ Дешевле: 0  🔴 Дороже: 2  ⚠️ Ошибок: 3
08:34:05  INFO      =======================================================
08:34:05  INFO      Старт  23.07.2026 08:34
08:34:05  INFO      =======================================================
08:34:05  INFO      Считано товаров: 1
08:34:05  INFO      [1/5]  Z257998PG001  —  tpro.by
08:34:06  INFO        ✓ 527.00 р.
08:34:08  INFO      [2/5]  Z257998PG001  —  7745.by
08:34:08  INFO      Warm-up: https://7745.by
08:34:10  WARNING   Цена не найдена на 7745.by (HTML: debug_7745_by.html, размер: 1261 байт)
08:34:10  WARNING     ✗ Цена не найдена
08:34:12  INFO      [3/5]  Z257998PG001  —  voltra.by
08:34:13  ERROR     HTTP 403 на voltra.by — геоблок. Запустите парсер локально с ПК.
08:34:13  WARNING     ✗ HTTP 403
08:34:15  INFO      [4/5]  Z257998PG001  —  21vek.by
08:34:17  INFO        ✓ 663.00 р.
08:34:19  INFO      [5/5]  Z257998PG001  —  amd.by
08:34:19  INFO      Warm-up: https://www.amd.by
08:34:21  WARNING   Цена не найдена на amd.by (HTML: debug_amd_by.html, размер: 1261 байт)
08:34:21  WARNING     ✗ Цена не найдена
08:34:23  INFO      CSV: результаты.csv
08:34:23  INFO      HTML: результаты.html
08:34:23  INFO      ✅ Дешевле: 0  🔴 Дороже: 2  ⚠️ Ошибок: 3
08:30:45  INFO      =======================================================
08:30:45  INFO      Старт  24.07.2026 08:30
08:30:45  INFO      =======================================================
08:30:45  INFO      Считано товаров: 1
08:30:45  INFO      [1/5]  Z257998PG001  —  tpro.by
08:30:46  INFO        ✓ 527.00 р.
08:30:48  INFO      [2/5]  Z257998PG001  —  7745.by
08:30:48  INFO      Warm-up: https://7745.by
08:30:51  WARNING   Цена не найдена на 7745.by (HTML: debug_7745_by.html, размер: 1261 байт)
08:30:51  WARNING     ✗ Цена не найдена
08:30:53  INFO      [3/5]  Z257998PG001  —  voltra.by
08:30:53  ERROR     HTTP 403 на voltra.by — геоблок. Запустите парсер локально с ПК.
08:30:53  WARNING     ✗ HTTP 403
08:30:55  INFO      [4/5]  Z257998PG001  —  21vek.by
08:30:59  INFO        ✓ 669.00 р.
08:31:01  INFO      [5/5]  Z257998PG001  —  amd.by
08:31:01  INFO      Warm-up: https://www.amd.by
08:31:03  WARNING   Цена не найдена на amd.by (HTML: debug_amd_by.html, размер: 1261 байт)
08:31:03  WARNING     ✗ Цена не найдена
08:31:05  INFO      CSV: результаты.csv
08:31:05  INFO      HTML: результаты.html
08:31:05  INFO      ✅ Дешевле: 0  🔴 Дороже: 2  ⚠️ Ошибок: 3
08:09:40  INFO      =======================================================
08:09:40  INFO      Старт  25.07.2026 08:09
08:09:40  INFO      =======================================================
08:09:40  INFO      Считано товаров: 1
08:09:40  INFO      [1/5]  Z257998PG001  —  tpro.by
08:09:43  INFO        ✓ 527.00 р.
08:09:45  INFO      [2/5]  Z257998PG001  —  7745.by
08:09:45  INFO      Warm-up: https://7745.by
08:09:48  WARNING   Цена не найдена на 7745.by (HTML: debug_7745_by.html, размер: 1261 байт)
08:09:48  WARNING     ✗ Цена не найдена
08:09:50  INFO      [3/5]  Z257998PG001  —  voltra.by
08:09:51  ERROR     HTTP 403 на voltra.by — геоблок. Запустите парсер локально с ПК.
08:09:51  WARNING     ✗ HTTP 403
08:09:53  INFO      [4/5]  Z257998PG001  —  21vek.by
08:09:55  INFO        ✓ 675.00 р.
08:09:57  INFO      [5/5]  Z257998PG001  —  amd.by
08:09:57  INFO      Warm-up: https://www.amd.by
08:09:59  WARNING   Цена не найдена на amd.by (HTML: debug_amd_by.html, размер: 1261 байт)
08:09:59  WARNING     ✗ Цена не найдена
08:10:01  INFO      CSV: результаты.csv
08:10:01  INFO      HTML: результаты.html
08:10:01  INFO      ✅ Дешевле: 0  🔴 Дороже: 2  ⚠️ Ошибок: 3
08:29:53  INFO      =======================================================
08:29:53  INFO      Старт  26.07.2026 08:29
08:29:53  INFO      =======================================================
08:29:53  INFO      Считано товаров: 1
08:29:53  INFO      [1/5]  Z257998PG001  —  tpro.by
08:29:55  INFO        ✓ 527.00 р.
08:29:57  INFO      [2/5]  Z257998PG001  —  7745.by
08:29:57  INFO      Warm-up: https://7745.by
08:29:59  WARNING   Цена не найдена на 7745.by (HTML: debug_7745_by.html, размер: 1261 байт)
08:29:59  WARNING     ✗ Цена не найдена
08:30:01  INFO      [3/5]  Z257998PG001  —  voltra.by
08:30:02  ERROR     HTTP 403 на voltra.by — геоблок. Запустите парсер локально с ПК.
08:30:02  WARNING     ✗ HTTP 403
08:30:04  INFO      [4/5]  Z257998PG001  —  21vek.by
08:30:05  INFO        ✓ 675.00 р.
08:30:07  INFO      [5/5]  Z257998PG001  —  amd.by
08:30:07  INFO      Warm-up: https://www.amd.by
08:30:09  WARNING   Цена не найдена на amd.by (HTML: debug_amd_by.html, размер: 1261 байт)
08:30:09  WARNING     ✗ Цена не найдена
08:30:11  INFO      CSV: результаты.csv
08:30:11  INFO      HTML: результаты.html
08:30:11  INFO      ✅ Дешевле: 0  🔴 Дороже: 2  ⚠️ Ошибок: 3
09:56:21  INFO      =======================================================
09:56:21  INFO      Старт  27.07.2026 09:56
09:56:21  INFO      =======================================================
09:56:21  INFO      Считано товаров: 1
09:56:21  INFO      [1/5]  Z257998PG001  —  tpro.by
09:56:23  INFO        ✓ 527.00 р.
09:56:25  INFO      [2/5]  Z257998PG001  —  7745.by
09:56:25  INFO      Warm-up: https://7745.by
09:56:28  WARNING   Цена не найдена на 7745.by (HTML: debug_7745_by.html, размер: 1261 байт)
09:56:28  WARNING     ✗ Цена не найдена
09:56:30  INFO      [3/5]  Z257998PG001  —  voltra.by
09:56:31  ERROR     HTTP 403 на voltra.by — геоблок. Запустите парсер локально с ПК.
09:56:31  WARNING     ✗ HTTP 403
09:56:33  INFO      [4/5]  Z257998PG001  —  21vek.by
09:56:35  INFO        ✓ 680.00 р.
09:56:37  INFO      [5/5]  Z257998PG001  —  amd.by
09:56:37  INFO      Warm-up: https://www.amd.by
09:56:40  WARNING   Цена не найдена на amd.by (HTML: debug_amd_by.html, размер: 1261 байт)
09:56:40  WARNING     ✗ Цена не найдена
09:56:42  INFO      CSV: результаты.csv
09:56:42  INFO      HTML: результаты.html
09:56:42  INFO      ✅ Дешевле: 0  🔴 Дороже: 2  ⚠️ Ошибок: 3
08:38:22  INFO      =======================================================
08:38:22  INFO      Старт  28.07.2026 08:38
08:38:22  INFO      =======================================================
08:38:22  INFO      Считано товаров: 1
08:38:22  INFO      [1/5]  Z257998PG001  —  tpro.by
08:38:24  INFO        ✓ 527.00 р.
08:38:26  INFO      [2/5]  Z257998PG001  —  7745.by
08:38:26  INFO      Warm-up: https://7745.by
08:38:28  WARNING   Цена не найдена на 7745.by (HTML: debug_7745_by.html, размер: 1261 байт)
08:38:28  WARNING     ✗ Цена не найдена
08:38:30  INFO      [3/5]  Z257998PG001  —  voltra.by
08:38:31  ERROR     HTTP 403 на voltra.by — геоблок. Запустите парсер локально с ПК.
08:38:31  WARNING     ✗ HTTP 403
08:38:33  INFO      [4/5]  Z257998PG001  —  21vek.by
08:38:34  WARNING     ✗ Ошибка: ('Connection aborted.', ConnectionResetError(104, 'Connectio
08:38:36  INFO      [5/5]  Z257998PG001  —  amd.by
08:38:36  INFO      Warm-up: https://www.amd.by
08:38:39  WARNING   Цена не найдена на amd.by (HTML: debug_amd_by.html, размер: 1261 байт)
08:38:39  WARNING     ✗ Цена не найдена
08:38:41  INFO      CSV: результаты.csv
08:38:41  INFO      HTML: результаты.html
08:38:41  INFO      ✅ Дешевле: 0  🔴 Дороже: 1  ⚠️ Ошибок: 4
08:44:26  INFO      =======================================================
08:44:26  INFO      Старт  29.07.2026 08:44
08:44:26  INFO      =======================================================
08:44:27  INFO      Считано товаров: 1
08:44:27  INFO      [1/5]  Z257998PG001  —  tpro.by
08:44:29  INFO        ✓ 527.00 р.
08:44:31  INFO      [2/5]  Z257998PG001  —  7745.by
08:44:31  INFO      Warm-up: https://7745.by
08:44:34  WARNING   Цена не найдена на 7745.by (HTML: debug_7745_by.html, размер: 1261 байт)
08:44:34  WARNING     ✗ Цена не найдена
08:44:36  INFO      [3/5]  Z257998PG001  —  voltra.by
08:44:37  ERROR     HTTP 403 на voltra.by — геоблок. Запустите парсер локально с ПК.
08:44:37  WARNING     ✗ HTTP 403
08:44:39  INFO      [4/5]  Z257998PG001  —  21vek.by
08:44:40  WARNING     ✗ Ошибка: ('Connection aborted.', ConnectionResetError(104, 'Connectio
08:44:42  INFO      [5/5]  Z257998PG001  —  amd.by
08:44:42  INFO      Warm-up: https://www.amd.by
08:44:44  WARNING   Цена не найдена на amd.by (HTML: debug_amd_by.html, размер: 1261 байт)
08:44:44  WARNING     ✗ Цена не найдена
08:44:46  INFO      CSV: результаты.csv
08:44:46  INFO      HTML: результаты.html
08:44:46  INFO      ✅ Дешевле: 0  🔴 Дороже: 1  ⚠️ Ошибок: 4
08:30:53  INFO      =======================================================
08:30:53  INFO      Старт  30.07.2026 08:30
08:30:53  INFO      =======================================================
08:30:53  INFO      Считано товаров: 1
08:30:53  INFO      [1/5]  Z257998PG001  —  tpro.by
08:30:55  INFO        ✓ 527.00 р.
08:30:57  INFO      [2/5]  Z257998PG001  —  7745.by
08:30:57  INFO      Warm-up: https://7745.by
08:31:00  WARNING   Цена не найдена на 7745.by (HTML: debug_7745_by.html, размер: 1261 байт)
08:31:00  WARNING     ✗ Цена не найдена
08:31:02  INFO      [3/5]  Z257998PG001  —  voltra.by
08:31:04  ERROR     HTTP 403 на voltra.by — геоблок. Запустите парсер локально с ПК.
08:31:04  WARNING     ✗ HTTP 403
08:31:06  INFO      [4/5]  Z257998PG001  —  21vek.by
08:31:07  WARNING     ✗ Ошибка: ('Connection aborted.', ConnectionResetError(104, 'Connectio
08:31:09  INFO      [5/5]  Z257998PG001  —  amd.by
08:31:09  INFO      Warm-up: https://www.amd.by
08:31:12  WARNING   Цена не найдена на amd.by (HTML: debug_amd_by.html, размер: 1261 байт)
08:31:12  WARNING     ✗ Цена не найдена
08:31:14  INFO      CSV: результаты.csv
08:31:14  INFO      HTML: результаты.html
08:31:14  INFO      ✅ Дешевле: 0  🔴 Дороже: 1  ⚠️ Ошибок: 4
08:53:05  INFO      =======================================================
08:53:05  INFO      Старт  31.07.2026 08:53
08:53:06  INFO      =======================================================
08:53:06  INFO      Считано товаров: 1
08:53:06  INFO      [1/5]  Z257998PG001  —  tpro.by
08:53:07  INFO        ✓ 527.00 р.
08:53:09  INFO      [2/5]  Z257998PG001  —  7745.by
08:53:09  INFO      Warm-up: https://7745.by
08:53:12  WARNING   Цена не найдена на 7745.by (HTML: debug_7745_by.html, размер: 1261 байт)
08:53:12  WARNING     ✗ Цена не найдена
08:53:14  INFO      [3/5]  Z257998PG001  —  voltra.by
08:53:15  ERROR     HTTP 403 на voltra.by — геоблок. Запустите парсер локально с ПК.
08:53:15  WARNING     ✗ HTTP 403
08:53:17  INFO      [4/5]  Z257998PG001  —  21vek.by
08:53:18  WARNING     ✗ Ошибка: ('Connection aborted.', ConnectionResetError(104, 'Connectio
08:53:20  INFO      [5/5]  Z257998PG001  —  amd.by
08:53:20  INFO      Warm-up: https://www.amd.by
08:53:22  WARNING   Цена не найдена на amd.by (HTML: debug_amd_by.html, размер: 1261 байт)
08:53:22  WARNING     ✗ Цена не найдена
08:53:24  INFO      CSV: результаты.csv
08:53:24  INFO      HTML: результаты.html
08:53:24  INFO      ✅ Дешевле: 0  🔴 Дороже: 1  ⚠️ Ошибок: 4
08:24:16  INFO      =======================================================
08:24:16  INFO      Старт  01.08.2026 08:24
08:24:16  INFO      =======================================================
08:24:16  INFO      Считано товаров: 1
08:24:16  INFO      [1/5]  Z257998PG001  —  tpro.by
08:24:18  INFO        ✓ 527.00 р.
08:24:20  INFO      [2/5]  Z257998PG001  —  7745.by
08:24:20  INFO      Warm-up: https://7745.by
08:24:23  WARNING   Цена не найдена на 7745.by (HTML: debug_7745_by.html, размер: 1261 байт)
08:24:23  WARNING     ✗ Цена не найдена
08:24:25  INFO      [3/5]  Z257998PG001  —  voltra.by
08:24:26  WARNING   Цена не найдена на voltra.by (HTML: debug_voltra_by.html, размер: 1261 байт)
08:24:26  WARNING     ✗ Цена не найдена
08:24:28  INFO      [4/5]  Z257998PG001  —  21vek.by
08:24:29  WARNING     ✗ Ошибка: ('Connection aborted.', ConnectionResetError(104, 'Connectio
08:24:31  INFO      [5/5]  Z257998PG001  —  amd.by
08:24:31  INFO      Warm-up: https://www.amd.by
08:24:33  WARNING   Цена не найдена на amd.by (HTML: debug_amd_by.html, размер: 1261 байт)
08:24:33  WARNING     ✗ Цена не найдена
08:24:35  INFO      CSV: результаты.csv
08:24:35  INFO      HTML: результаты.html
08:24:35  INFO      ✅ Дешевле: 0  🔴 Дороже: 1  ⚠️ Ошибок: 4
08:27:22  INFO      =======================================================
08:27:22  INFO      Старт  02.08.2026 08:27
08:27:22  INFO      =======================================================
08:27:22  INFO      Считано товаров: 1
08:27:22  INFO      [1/5]  Z257998PG001  —  tpro.by
08:27:24  INFO        ✓ 527.00 р.
08:27:26  INFO      [2/5]  Z257998PG001  —  7745.by
08:27:26  INFO      Warm-up: https://7745.by
08:27:29  WARNING   Цена не найдена на 7745.by (HTML: debug_7745_by.html, размер: 1261 байт)
08:27:29  WARNING     ✗ Цена не найдена
08:27:31  INFO      [3/5]  Z257998PG001  —  voltra.by
08:27:33  ERROR     HTTP 403 на voltra.by — геоблок. Запустите парсер локально с ПК.
08:27:33  WARNING     ✗ HTTP 403
08:27:35  INFO      [4/5]  Z257998PG001  —  21vek.by
08:27:37  WARNING     ✗ Ошибка: ('Connection aborted.', ConnectionResetError(104, 'Connectio
08:27:39  INFO      [5/5]  Z257998PG001  —  amd.by
08:27:39  INFO      Warm-up: https://www.amd.by
08:27:41  WARNING   Цена не найдена на amd.by (HTML: debug_amd_by.html, размер: 1261 байт)
08:27:41  WARNING     ✗ Цена не найдена
08:27:43  INFO      CSV: результаты.csv
08:27:43  INFO      HTML: результаты.html
08:27:43  INFO      ✅ Дешевле: 0  🔴 Дороже: 1  ⚠️ Ошибок: 4
09:50:45  INFO      =======================================================
09:50:45  INFO      Старт  03.08.2026 09:50
09:50:45  INFO      =======================================================
09:50:45  INFO      Считано товаров: 1
09:50:45  INFO      [1/5]  Z257998PG001  —  tpro.by
09:50:46  INFO        ✓ 527.00 р.
09:50:48  INFO      [2/5]  Z257998PG001  —  7745.by
09:50:48  INFO      Warm-up: https://7745.by
09:50:50  WARNING   Цена не найдена на 7745.by (HTML: debug_7745_by.html, размер: 1261 байт)
09:50:50  WARNING     ✗ Цена не найдена
09:50:52  INFO      [3/5]  Z257998PG001  —  voltra.by
09:50:53  ERROR     HTTP 403 на voltra.by — геоблок. Запустите парсер локально с ПК.
09:50:53  WARNING     ✗ HTTP 403
09:50:55  INFO      [4/5]  Z257998PG001  —  21vek.by
09:50:56  WARNING     ✗ Ошибка: ('Connection aborted.', ConnectionResetError(104, 'Connectio
09:50:58  INFO      [5/5]  Z257998PG001  —  amd.by
09:50:58  INFO      Warm-up: https://www.amd.by
09:51:01  WARNING   Цена не найдена на amd.by (HTML: debug_amd_by.html, размер: 1261 байт)
09:51:01  WARNING     ✗ Цена не найдена
09:51:03  INFO      CSV: результаты.csv
09:51:03  INFO      HTML: результаты.html
09:51:03  INFO      ✅ Дешевле: 0  🔴 Дороже: 1  ⚠️ Ошибок: 4
08:41:04  INFO      =======================================================
08:41:04  INFO      Старт  04.08.2026 08:41
08:41:04  INFO      =======================================================
08:41:04  INFO      Считано товаров: 1
08:41:04  INFO      [1/5]  Z257998PG001  —  tpro.by
08:41:06  INFO        ✓ 527.00 р.
08:41:08  INFO      [2/5]  Z257998PG001  —  7745.by
08:41:08  INFO      Warm-up: https://7745.by
08:41:11  WARNING   Цена не найдена на 7745.by (HTML: debug_7745_by.html, размер: 1261 байт)
08:41:11  WARNING     ✗ Цена не найдена
08:41:13  INFO      [3/5]  Z257998PG001  —  voltra.by
08:41:15  ERROR     HTTP 403 на voltra.by — геоблок. Запустите парсер локально с ПК.
08:41:15  WARNING     ✗ HTTP 403
08:41:17  INFO      [4/5]  Z257998PG001  —  21vek.by
08:41:19  INFO        ✓ 680.00 р.
08:41:21  INFO      [5/5]  Z257998PG001  —  amd.by
08:41:21  INFO      Warm-up: https://www.amd.by
08:41:24  WARNING   Цена не найдена на amd.by (HTML: debug_amd_by.html, размер: 1261 байт)
08:41:24  WARNING     ✗ Цена не найдена
08:41:26  INFO      CSV: результаты.csv
08:41:26  INFO      HTML: результаты.html
08:41:26  INFO      ✅ Дешевле: 0  🔴 Дороже: 2  ⚠️ Ошибок: 3
08:39:34  INFO      =======================================================
08:39:34  INFO      Старт  05.08.2026 08:39
08:39:34  INFO      =======================================================
08:39:34  INFO      Считано товаров: 1
08:39:34  INFO      [1/5]  Z257998PG001  —  tpro.by
08:39:44  WARNING     ✗ Ошибка: HTTPSConnectionPool(host='tpro.by', port=443): Max retries e
08:39:46  INFO      [2/5]  Z257998PG001  —  7745.by
08:39:46  INFO      Warm-up: https://7745.by
08:40:06  WARNING     ✗ Ошибка: HTTPSConnectionPool(host='7745.by', port=443): Max retries e
08:40:08  INFO      [3/5]  Z257998PG001  —  voltra.by
08:40:18  WARNING     ✗ Ошибка: HTTPSConnectionPool(host='voltra.by', port=443): Max retries
08:40:20  INFO      [4/5]  Z257998PG001  —  21vek.by
08:40:22  INFO        ✓ 680.00 р.
08:40:24  INFO      [5/5]  Z257998PG001  —  amd.by
08:40:24  INFO      Warm-up: https://www.amd.by
08:40:44  WARNING     ✗ Ошибка: HTTPSConnectionPool(host='www.amd.by', port=443): Max retrie
08:40:46  INFO      CSV: результаты.csv
08:40:46  INFO      HTML: результаты.html
08:40:46  INFO      ✅ Дешевле: 0  🔴 Дороже: 1  ⚠️ Ошибок: 4
08:40:28  INFO      =======================================================
08:40:28  INFO      Старт  06.08.2026 08:40
08:40:28  INFO      =======================================================
08:40:28  INFO      Считано товаров: 1
08:40:28  INFO      [1/5]  Z257998PG001  —  tpro.by
08:40:30  INFO        ✓ 527.00 р.
08:40:32  INFO      [2/5]  Z257998PG001  —  7745.by
08:40:32  INFO      Warm-up: https://7745.by
08:40:34  WARNING   Цена не найдена на 7745.by (HTML: debug_7745_by.html, размер: 1261 байт)
08:40:34  WARNING     ✗ Цена не найдена
08:40:36  INFO      [3/5]  Z257998PG001  —  voltra.by
08:40:37  ERROR     HTTP 403 на voltra.by — геоблок. Запустите парсер локально с ПК.
08:40:37  WARNING     ✗ HTTP 403
08:40:39  INFO      [4/5]  Z257998PG001  —  21vek.by
08:40:40  INFO        ✓ 680.00 р.
08:40:42  INFO      [5/5]  Z257998PG001  —  amd.by
08:40:42  INFO      Warm-up: https://www.amd.by
08:40:44  WARNING   Цена не найдена на amd.by (HTML: debug_amd_by.html, размер: 1261 байт)
08:40:44  WARNING     ✗ Цена не найдена
08:40:46  INFO      CSV: результаты.csv
08:40:46  INFO      HTML: результаты.html
08:40:46  INFO      ✅ Дешевле: 0  🔴 Дороже: 2  ⚠️ Ошибок: 3
07:19:40  INFO      =======================================================
07:19:40  INFO      Старт  07.08.2026 07:19
07:19:40  INFO      =======================================================
07:19:40  INFO      Считано товаров: 1
07:19:40  INFO      [1/5]  Z257998PG001  —  tpro.by
07:19:41  INFO        ✓ 527.00 р.
07:19:43  INFO      [2/5]  Z257998PG001  —  7745.by
07:19:43  INFO      Warm-up: https://7745.by
07:19:45  WARNING   Цена не найдена на 7745.by (HTML: debug_7745_by.html, размер: 1261 байт)
07:19:45  WARNING     ✗ Цена не найдена
07:19:47  INFO      [3/5]  Z257998PG001  —  voltra.by
07:19:48  ERROR     HTTP 403 на voltra.by — геоблок. Запустите парсер локально с ПК.
07:19:48  WARNING     ✗ HTTP 403
07:19:50  INFO      [4/5]  Z257998PG001  —  21vek.by
07:19:52  INFO        ✓ 680.00 р.
07:19:54  INFO      [5/5]  Z257998PG001  —  amd.by
07:19:54  INFO      Warm-up: https://www.amd.by
07:19:56  WARNING   Цена не найдена на amd.by (HTML: debug_amd_by.html, размер: 1261 байт)
07:19:56  WARNING     ✗ Цена не найдена
07:19:58  INFO      CSV: результаты.csv
07:19:58  INFO      HTML: результаты.html
07:19:58  INFO      ✅ Дешевле: 0  🔴 Дороже: 2  ⚠️ Ошибок: 3
06:57:28  INFO      =======================================================
06:57:28  INFO      Старт  08.08.2026 06:57
06:57:28  INFO      =======================================================
06:57:28  INFO      Считано товаров: 1
06:57:28  INFO      [1/5]  Z257998PG001  —  tpro.by
06:57:30  INFO        ✓ 527.00 р.
06:57:32  INFO      [2/5]  Z257998PG001  —  7745.by
06:57:32  INFO      Warm-up: https://7745.by
06:57:34  WARNING   Цена не найдена на 7745.by (HTML: debug_7745_by.html, размер: 1261 байт)
06:57:34  WARNING     ✗ Цена не найдена
06:57:36  INFO      [3/5]  Z257998PG001  —  voltra.by
06:57:37  ERROR     HTTP 403 на voltra.by — геоблок. Запустите парсер локально с ПК.
06:57:37  WARNING     ✗ HTTP 403
06:57:39  INFO      [4/5]  Z257998PG001  —  21vek.by
06:57:40  INFO        ✓ 680.00 р.
06:57:42  INFO      [5/5]  Z257998PG001  —  amd.by
06:57:42  INFO      Warm-up: https://www.amd.by
06:57:44  WARNING   Цена не найдена на amd.by (HTML: debug_amd_by.html, размер: 1261 байт)
06:57:44  WARNING     ✗ Цена не найдена
06:57:46  INFO      CSV: результаты.csv
06:57:46  INFO      HTML: результаты.html
06:57:46  INFO      ✅ Дешевле: 0  🔴 Дороже: 2  ⚠️ Ошибок: 3
07:00:16  INFO      =======================================================
07:00:16  INFO      Старт  09.08.2026 07:00
07:00:16  INFO      =======================================================
07:00:16  INFO      Считано товаров: 1
07:00:16  INFO      [1/5]  Z257998PG001  —  tpro.by
07:00:17  INFO        ✓ 527.00 р.
07:00:19  INFO      [2/5]  Z257998PG001  —  7745.by
07:00:19  INFO      Warm-up: https://7745.by
07:00:21  WARNING   Цена не найдена на 7745.by (HTML: debug_7745_by.html, размер: 1261 байт)
07:00:21  WARNING     ✗ Цена не найдена
07:00:23  INFO      [3/5]  Z257998PG001  —  voltra.by
07:00:25  ERROR     HTTP 403 на voltra.by — геоблок. Запустите парсер локально с ПК.
07:00:25  WARNING     ✗ HTTP 403
07:00:27  INFO      [4/5]  Z257998PG001  —  21vek.by
07:00:28  INFO        ✓ 680.00 р.
07:00:30  INFO      [5/5]  Z257998PG001  —  amd.by
07:00:30  INFO      Warm-up: https://www.amd.by
07:00:32  WARNING   Цена не найдена на amd.by (HTML: debug_amd_by.html, размер: 1261 байт)
07:00:32  WARNING     ✗ Цена не найдена
07:00:34  INFO      CSV: результаты.csv
07:00:34  INFO      HTML: результаты.html
07:00:34  INFO      ✅ Дешевле: 0  🔴 Дороже: 2  ⚠️ Ошибок: 3
07:46:07  INFO      =======================================================
07:46:07  INFO      Старт  10.08.2026 07:46
07:46:07  INFO      =======================================================
07:46:07  INFO      Считано товаров: 1
07:46:07  INFO      [1/5]  Z257998PG001  —  tpro.by
07:46:09  INFO        ✓ 527.00 р.
07:46:11  INFO      [2/5]  Z257998PG001  —  7745.by
07:46:11  INFO      Warm-up: https://7745.by
07:46:13  WARNING   Цена не найдена на 7745.by (HTML: debug_7745_by.html, размер: 1261 байт)
07:46:13  WARNING     ✗ Цена не найдена
07:46:15  INFO      [3/5]  Z257998PG001  —  voltra.by
07:46:16  ERROR     HTTP 403 на voltra.by — геоблок. Запустите парсер локально с ПК.
07:46:16  WARNING     ✗ HTTP 403
07:46:18  INFO      [4/5]  Z257998PG001  —  21vek.by
07:46:20  INFO        ✓ 680.00 р.
07:46:22  INFO      [5/5]  Z257998PG001  —  amd.by
07:46:22  INFO      Warm-up: https://www.amd.by
07:46:24  WARNING   Цена не найдена на amd.by (HTML: debug_amd_by.html, размер: 1261 байт)
07:46:24  WARNING     ✗ Цена не найдена
07:46:26  INFO      CSV: результаты.csv
07:46:26  INFO      HTML: результаты.html
07:46:26  INFO      ✅ Дешевле: 0  🔴 Дороже: 2  ⚠️ Ошибок: 3
07:11:39  INFO      =======================================================
07:11:39  INFO      Старт  11.08.2026 07:11
07:11:39  INFO      =======================================================
07:11:39  INFO      Считано товаров: 1
07:11:39  INFO      [1/5]  Z257998PG001  —  tpro.by
07:11:40  INFO        ✓ 527.00 р.
07:11:42  INFO      [2/5]  Z257998PG001  —  7745.by
07:11:42  INFO      Warm-up: https://7745.by
07:11:45  WARNING   Цена не найдена на 7745.by (HTML: debug_7745_by.html, размер: 1261 байт)
07:11:45  WARNING     ✗ Цена не найдена
07:11:47  INFO      [3/5]  Z257998PG001  —  voltra.by
07:11:49  ERROR     HTTP 403 на voltra.by — геоблок. Запустите парсер локально с ПК.
07:11:49  WARNING     ✗ HTTP 403
07:11:51  INFO      [4/5]  Z257998PG001  —  21vek.by
07:11:53  INFO        ✓ 680.00 р.
07:11:55  INFO      [5/5]  Z257998PG001  —  amd.by
07:11:55  INFO      Warm-up: https://www.amd.by
07:11:58  WARNING   Цена не найдена на amd.by (HTML: debug_amd_by.html, размер: 1261 байт)
07:11:58  WARNING     ✗ Цена не найдена
07:12:00  INFO      CSV: результаты.csv
07:12:00  INFO      HTML: результаты.html
07:12:00  INFO      ✅ Дешевле: 0  🔴 Дороже: 2  ⚠️ Ошибок: 3
07:36:16  INFO      =======================================================
07:36:16  INFO      Старт  12.08.2026 07:36
07:36:16  INFO      =======================================================
07:36:16  INFO      Считано товаров: 1
07:36:16  INFO      [1/5]  Z257998PG001  —  tpro.by
07:36:17  INFO        ✓ 527.00 р.
07:36:19  INFO      [2/5]  Z257998PG001  —  7745.by
07:36:19  INFO      Warm-up: https://7745.by
07:36:22  WARNING   Цена не найдена на 7745.by (HTML: debug_7745_by.html, размер: 1261 байт)
07:36:22  WARNING     ✗ Цена не найдена
07:36:24  INFO      [3/5]  Z257998PG001  —  voltra.by
07:36:25  ERROR     HTTP 403 на voltra.by — геоблок. Запустите парсер локально с ПК.
07:36:25  WARNING     ✗ HTTP 403
07:36:27  INFO      [4/5]  Z257998PG001  —  21vek.by
07:36:29  INFO        ✓ 680.00 р.
07:36:31  INFO      [5/5]  Z257998PG001  —  amd.by
07:36:31  INFO      Warm-up: https://www.amd.by
07:36:34  WARNING   Цена не найдена на amd.by (HTML: debug_amd_by.html, размер: 1261 байт)
07:36:34  WARNING     ✗ Цена не найдена
07:36:36  INFO      CSV: результаты.csv
07:36:36  INFO      HTML: результаты.html
07:36:36  INFO      ✅ Дешевле: 0  🔴 Дороже: 2  ⚠️ Ошибок: 3
07:37:48  INFO      =======================================================
07:37:48  INFO      Старт  13.08.2026 07:37
07:37:48  INFO      =======================================================
07:37:48  INFO      Считано товаров: 1
07:37:48  INFO      [1/5]  Z257998PG001  —  tpro.by
07:37:50  INFO        ✓ 527.00 р.
07:37:52  INFO      [2/5]  Z257998PG001  —  7745.by
07:37:52  INFO      Warm-up: https://7745.by
07:37:54  WARNING   Цена не найдена на 7745.by (HTML: debug_7745_by.html, размер: 1261 байт)
07:37:54  WARNING     ✗ Цена не найдена
07:37:56  INFO      [3/5]  Z257998PG001  —  voltra.by
07:37:57  ERROR     HTTP 403 на voltra.by — геоблок. Запустите парсер локально с ПК.
07:37:57  WARNING     ✗ HTTP 403
07:37:59  INFO      [4/5]  Z257998PG001  —  21vek.by
07:38:00  INFO        ✓ 677.00 р.
07:38:02  INFO      [5/5]  Z257998PG001  —  amd.by
07:38:02  INFO      Warm-up: https://www.amd.by
07:38:05  WARNING   Цена не найдена на amd.by (HTML: debug_amd_by.html, размер: 1261 байт)
07:38:05  WARNING     ✗ Цена не найдена
07:38:07  INFO      CSV: результаты.csv
07:38:07  INFO      HTML: результаты.html
07:38:07  INFO      ✅ Дешевле: 0  🔴 Дороже: 2  ⚠️ Ошибок: 3
07:35:51  INFO      =======================================================
07:35:51  INFO      Старт  14.08.2026 07:35
07:35:51  INFO      =======================================================
07:35:51  INFO      Считано товаров: 1
07:35:51  INFO      [1/5]  Z257998PG001  —  tpro.by
07:35:52  INFO        ✓ 527.00 р.
07:35:54  INFO      [2/5]  Z257998PG001  —  7745.by
07:35:54  INFO      Warm-up: https://7745.by
07:35:56  WARNING   Цена не найдена на 7745.by (HTML: debug_7745_by.html, размер: 1261 байт)
07:35:56  WARNING     ✗ Цена не найдена
07:35:58  INFO      [3/5]  Z257998PG001  —  voltra.by
07:36:00  ERROR     HTTP 403 на voltra.by — геоблок. Запустите парсер локально с ПК.
07:36:00  WARNING     ✗ HTTP 403
07:36:02  INFO      [4/5]  Z257998PG001  —  21vek.by
07:36:03  INFO        ✓ 677.00 р.
07:36:05  INFO      [5/5]  Z257998PG001  —  amd.by
07:36:05  INFO      Warm-up: https://www.amd.by
07:36:07  WARNING   Цена не найдена на amd.by (HTML: debug_amd_by.html, размер: 1261 байт)
07:36:07  WARNING     ✗ Цена не найдена
07:36:09  INFO      CSV: результаты.csv
07:36:09  INFO      HTML: результаты.html
07:36:09  INFO      ✅ Дешевле: 0  🔴 Дороже: 2  ⚠️ Ошибок: 3
06:41:45  INFO      =======================================================
06:41:45  INFO      Старт  15.08.2026 06:41
06:41:45  INFO      =======================================================
06:41:45  INFO      Считано товаров: 1
06:41:45  INFO      [1/5]  Z257998PG001  —  tpro.by
06:41:47  INFO        ✓ 527.00 р.
06:41:49  INFO      [2/5]  Z257998PG001  —  7745.by
06:41:49  INFO      Warm-up: https://7745.by
06:41:51  WARNING   Цена не найдена на 7745.by (HTML: debug_7745_by.html, размер: 1261 байт)
06:41:51  WARNING     ✗ Цена не найдена
06:41:53  INFO      [3/5]  Z257998PG001  —  voltra.by
06:41:55  WARNING   Цена не найдена на voltra.by (HTML: debug_voltra_by.html, размер: 1261 байт)
06:41:55  WARNING     ✗ Цена не найдена
06:41:57  INFO      [4/5]  Z257998PG001  —  21vek.by
06:41:58  INFO        ✓ 679.00 р.
06:42:00  INFO      [5/5]  Z257998PG001  —  amd.by
06:42:00  INFO      Warm-up: https://www.amd.by
06:42:02  WARNING   Цена не найдена на amd.by (HTML: debug_amd_by.html, размер: 1261 байт)
06:42:02  WARNING     ✗ Цена не найдена
06:42:04  INFO      CSV: результаты.csv
06:42:04  INFO      HTML: результаты.html
06:42:04  INFO      ✅ Дешевле: 0  🔴 Дороже: 2  ⚠️ Ошибок: 3
06:42:49  INFO      =======================================================
06:42:49  INFO      Старт  16.08.2026 06:42
06:42:49  INFO      =======================================================
06:42:49  INFO      Считано товаров: 1
06:42:49  INFO      [1/5]  Z257998PG001  —  tpro.by
06:42:51  INFO        ✓ 527.00 р.
06:42:53  INFO      [2/5]  Z257998PG001  —  7745.by
06:42:53  INFO      Warm-up: https://7745.by
06:42:55  WARNING   Цена не найдена на 7745.by (HTML: debug_7745_by.html, размер: 1261 байт)
06:42:55  WARNING     ✗ Цена не найдена
06:42:57  INFO      [3/5]  Z257998PG001  —  voltra.by
06:42:59  ERROR     HTTP 403 на voltra.by — геоблок. Запустите парсер локально с ПК.
06:42:59  WARNING     ✗ HTTP 403
06:43:01  INFO      [4/5]  Z257998PG001  —  21vek.by
06:43:06  INFO        ✓ 679.00 р.
06:43:08  INFO      [5/5]  Z257998PG001  —  amd.by
06:43:08  INFO      Warm-up: https://www.amd.by
06:43:11  WARNING   Цена не найдена на amd.by (HTML: debug_amd_by.html, размер: 1261 байт)
06:43:11  WARNING     ✗ Цена не найдена
06:43:13  INFO      CSV: результаты.csv
06:43:13  INFO      HTML: результаты.html
06:43:13  INFO      ✅ Дешевле: 0  🔴 Дороже: 2  ⚠️ Ошибок: 3
07:00:09  INFO      =======================================================
07:00:09  INFO      Старт  17.08.2026 07:00
07:00:09  INFO      =======================================================
07:00:09  INFO      Считано товаров: 1
07:00:09  INFO      [1/5]  Z257998PG001  —  tpro.by
07:00:11  INFO        ✓ 527.00 р.
07:00:13  INFO      [2/5]  Z257998PG001  —  7745.by
07:00:13  INFO      Warm-up: https://7745.by
07:00:15  WARNING   Цена не найдена на 7745.by (HTML: debug_7745_by.html, размер: 1261 байт)
07:00:15  WARNING     ✗ Цена не найдена
07:00:17  INFO      [3/5]  Z257998PG001  —  voltra.by
07:00:19  ERROR     HTTP 403 на voltra.by — геоблок. Запустите парсер локально с ПК.
07:00:19  WARNING     ✗ HTTP 403
07:00:21  INFO      [4/5]  Z257998PG001  —  21vek.by
07:00:23  INFO        ✓ 679.00 р.
07:00:25  INFO      [5/5]  Z257998PG001  —  amd.by
07:00:25  INFO      Warm-up: https://www.amd.by
07:00:28  WARNING   Цена не найдена на amd.by (HTML: debug_amd_by.html, размер: 1261 байт)
07:00:28  WARNING     ✗ Цена не найдена
07:00:30  INFO      CSV: результаты.csv
07:00:30  INFO      HTML: результаты.html
07:00:30  INFO      ✅ Дешевле: 0  🔴 Дороже: 2  ⚠️ Ошибок: 3
06:47:23  INFO      =======================================================
06:47:23  INFO      Старт  18.08.2026 06:47
06:47:23  INFO      =======================================================
06:47:23  INFO      Считано товаров: 1
06:47:23  INFO      [1/5]  Z257998PG001  —  tpro.by
06:47:25  INFO        ✓ 134.00 р.
06:47:27  INFO      [2/5]  Z257998PG001  —  7745.by
06:47:27  INFO      Warm-up: https://7745.by
06:47:30  WARNING   Цена не найдена на 7745.by (HTML: debug_7745_by.html, размер: 1261 байт)
06:47:30  WARNING     ✗ Цена не найдена
06:47:32  INFO      [3/5]  Z257998PG001  —  voltra.by
06:47:33  ERROR     HTTP 403 на voltra.by — геоблок. Запустите парсер локально с ПК.
06:47:33  WARNING     ✗ HTTP 403
06:47:35  INFO      [4/5]  Z257998PG001  —  21vek.by
06:47:40  INFO        ✓ 662.03 р.
06:47:42  INFO      [5/5]  Z257998PG001  —  amd.by
06:47:42  INFO      Warm-up: https://www.amd.by
06:47:44  WARNING   Цена не найдена на amd.by (HTML: debug_amd_by.html, размер: 1261 байт)
06:47:44  WARNING     ✗ Цена не найдена
06:47:46  INFO      CSV: результаты.csv
06:47:46  INFO      HTML: результаты.html
06:47:46  INFO      ✅ Дешевле: 0  🔴 Дороже: 2  ⚠️ Ошибок: 3
06:48:36  INFO      =======================================================
06:48:36  INFO      Старт  19.08.2026 06:48
06:48:36  INFO      =======================================================
06:48:36  INFO      Считано товаров: 1
06:48:36  INFO      [1/5]  Z257998PG001  —  tpro.by
06:48:37  INFO        ✓ 134.00 р.
06:48:39  INFO      [2/5]  Z257998PG001  —  7745.by
06:48:39  INFO      Warm-up: https://7745.by
06:48:41  WARNING   Цена не найдена на 7745.by (HTML: debug_7745_by.html, размер: 1261 байт)
06:48:41  WARNING     ✗ Цена не найдена
06:48:43  INFO      [3/5]  Z257998PG001  —  voltra.by
06:48:45  ERROR     HTTP 403 на voltra.by — геоблок. Запустите парсер локально с ПК.
06:48:45  WARNING     ✗ HTTP 403
06:48:47  INFO      [4/5]  Z257998PG001  —  21vek.by
06:48:50  INFO        ✓ 662.03 р.
06:48:52  INFO      [5/5]  Z257998PG001  —  amd.by
06:48:52  INFO      Warm-up: https://www.amd.by
06:48:54  WARNING   Цена не найдена на amd.by (HTML: debug_amd_by.html, размер: 1261 байт)
06:48:54  WARNING     ✗ Цена не найдена
06:48:56  INFO      CSV: результаты.csv
06:48:56  INFO      HTML: результаты.html
06:48:56  INFO      ✅ Дешевле: 0  🔴 Дороже: 2  ⚠️ Ошибок: 3
06:50:13  INFO      =======================================================
06:50:13  INFO      Старт  20.08.2026 06:50
06:50:13  INFO      =======================================================
06:50:13  INFO      Считано товаров: 1
06:50:13  INFO      [1/5]  Z257998PG001  —  tpro.by
06:50:16  INFO        ✓ 134.00 р.
06:50:18  INFO      [2/5]  Z257998PG001  —  7745.by
06:50:18  INFO      Warm-up: https://7745.by
06:50:21  WARNING   Цена не найдена на 7745.by (HTML: debug_7745_by.html, размер: 1261 байт)
06:50:21  WARNING     ✗ Цена не найдена
06:50:23  INFO      [3/5]  Z257998PG001  —  voltra.by
06:50:24  ERROR     HTTP 403 на voltra.by — геоблок. Запустите парсер локально с ПК.
06:50:24  WARNING     ✗ HTTP 403
06:50:26  INFO      [4/5]  Z257998PG001  —  21vek.by
06:50:29  INFO        ✓ 662.03 р.
06:50:31  INFO      [5/5]  Z257998PG001  —  amd.by
06:50:31  INFO      Warm-up: https://www.amd.by
06:50:33  WARNING   Цена не найдена на amd.by (HTML: debug_amd_by.html, размер: 1261 байт)
06:50:33  WARNING     ✗ Цена не найдена
06:50:35  INFO      CSV: результаты.csv
06:50:35  INFO      HTML: результаты.html
06:50:35  INFO      ✅ Дешевле: 0  🔴 Дороже: 2  ⚠️ Ошибок: 3
06:51:32  INFO      =======================================================
06:51:32  INFO      Старт  21.08.2026 06:51
06:51:32  INFO      =======================================================
06:51:32  INFO      Считано товаров: 1
06:51:32  INFO      [1/5]  Z257998PG001  —  tpro.by
06:51:33  INFO        ✓ 134.00 р.
06:51:35  INFO      [2/5]  Z257998PG001  —  7745.by
06:51:35  INFO      Warm-up: https://7745.by
06:51:38  WARNING   Цена не найдена на 7745.by (HTML: debug_7745_by.html, размер: 1261 байт)
06:51:38  WARNING     ✗ Цена не найдена
06:51:40  INFO      [3/5]  Z257998PG001  —  voltra.by
06:51:41  ERROR     HTTP 403 на voltra.by — геоблок. Запустите парсер локально с ПК.
06:51:41  WARNING     ✗ HTTP 403
06:51:43  INFO      [4/5]  Z257998PG001  —  21vek.by
06:51:44  INFO        ✓ 662.03 р.
06:51:46  INFO      [5/5]  Z257998PG001  —  amd.by
06:51:46  INFO      Warm-up: https://www.amd.by
06:51:49  WARNING   Цена не найдена на amd.by (HTML: debug_amd_by.html, размер: 1261 байт)
06:51:49  WARNING     ✗ Цена не найдена
06:51:51  INFO      CSV: результаты.csv
06:51:51  INFO      HTML: результаты.html
06:51:51  INFO      ✅ Дешевле: 0  🔴 Дороже: 2  ⚠️ Ошибок: 3
06:43:03  INFO      =======================================================
06:43:03  INFO      Старт  22.08.2026 06:43
06:43:03  INFO      =======================================================
06:43:03  INFO      Считано товаров: 1
06:43:03  INFO      [1/5]  Z257998PG001  —  tpro.by
06:43:04  INFO        ✓ 134.00 р.
06:43:06  INFO      [2/5]  Z257998PG001  —  7745.by
06:43:06  INFO      Warm-up: https://7745.by
06:43:09  WARNING   Цена не найдена на 7745.by (HTML: debug_7745_by.html, размер: 1261 байт)
06:43:09  WARNING     ✗ Цена не найдена
06:43:11  INFO      [3/5]  Z257998PG001  —  voltra.by
06:43:13  ERROR     HTTP 403 на voltra.by — геоблок. Запустите парсер локально с ПК.
06:43:13  WARNING     ✗ HTTP 403
06:43:15  INFO      [4/5]  Z257998PG001  —  21vek.by
06:43:17  INFO        ✓ 662.03 р.
06:43:19  INFO      [5/5]  Z257998PG001  —  amd.by
06:43:19  INFO      Warm-up: https://www.amd.by
06:43:22  WARNING   Цена не найдена на amd.by (HTML: debug_amd_by.html, размер: 1261 байт)
06:43:22  WARNING     ✗ Цена не найдена
06:43:24  INFO      CSV: результаты.csv
06:43:24  INFO      HTML: результаты.html
06:43:24  INFO      ✅ Дешевле: 0  🔴 Дороже: 2  ⚠️ Ошибок: 3
06:44:45  INFO      =======================================================
06:44:45  INFO      Старт  23.08.2026 06:44
06:44:45  INFO      =======================================================
06:44:45  INFO      Считано товаров: 1
06:44:45  INFO      [1/5]  Z257998PG001  —  tpro.by
06:44:46  INFO        ✓ 134.00 р.
06:44:48  INFO      [2/5]  Z257998PG001  —  7745.by
06:44:48  INFO      Warm-up: https://7745.by
06:44:51  WARNING   Цена не найдена на 7745.by (HTML: debug_7745_by.html, размер: 1261 байт)
06:44:51  WARNING     ✗ Цена не найдена
06:44:53  INFO      [3/5]  Z257998PG001  —  voltra.by
06:44:54  ERROR     HTTP 403 на voltra.by — геоблок. Запустите парсер локально с ПК.
06:44:54  WARNING     ✗ HTTP 403
06:44:56  INFO      [4/5]  Z257998PG001  —  21vek.by
06:44:57  INFO        ✓ 662.03 р.
06:44:59  INFO      [5/5]  Z257998PG001  —  amd.by
06:44:59  INFO      Warm-up: https://www.amd.by
06:45:02  WARNING   Цена не найдена на amd.by (HTML: debug_amd_by.html, размер: 1261 байт)
06:45:02  WARNING     ✗ Цена не найдена
06:45:04  INFO      CSV: результаты.csv
06:45:04  INFO      HTML: результаты.html
06:45:04  INFO      ✅ Дешевле: 0  🔴 Дороже: 2  ⚠️ Ошибок: 3
07:02:40  INFO      =======================================================
07:02:40  INFO      Старт  24.08.2026 07:02
07:02:40  INFO      =======================================================
07:02:40  INFO      Считано товаров: 1
07:02:40  INFO      [1/5]  Z257998PG001  —  tpro.by
07:02:41  INFO        ✓ 134.00 р.
07:02:43  INFO      [2/5]  Z257998PG001  —  7745.by
07:02:43  INFO      Warm-up: https://7745.by
07:02:45  WARNING   Цена не найдена на 7745.by (HTML: debug_7745_by.html, размер: 1261 байт)
07:02:45  WARNING     ✗ Цена не найдена
07:02:47  INFO      [3/5]  Z257998PG001  —  voltra.by
07:02:48  ERROR     HTTP 403 на voltra.by — геоблок. Запустите парсер локально с ПК.
07:02:48  WARNING     ✗ HTTP 403
07:02:50  INFO      [4/5]  Z257998PG001  —  21vek.by
07:02:52  INFO        ✓ 662.03 р.
07:02:54  INFO      [5/5]  Z257998PG001  —  amd.by
07:02:54  INFO      Warm-up: https://www.amd.by
07:02:56  WARNING   Цена не найдена на amd.by (HTML: debug_amd_by.html, размер: 1261 байт)
07:02:56  WARNING     ✗ Цена не найдена
07:02:58  INFO      CSV: результаты.csv
07:02:58  INFO      HTML: результаты.html
07:02:58  INFO      ✅ Дешевле: 0  🔴 Дороже: 2  ⚠️ Ошибок: 3
06:51:53  INFO      =======================================================
06:51:53  INFO      Старт  25.08.2026 06:51
06:51:53  INFO      =======================================================
06:51:53  INFO      Считано товаров: 1
06:51:53  INFO      [1/5]  Z257998PG001  —  tpro.by
06:51:54  INFO        ✓ 527.00 р.
06:51:56  INFO      [2/5]  Z257998PG001  —  7745.by
06:51:56  INFO      Warm-up: https://7745.by
06:51:58  WARNING   Цена не найдена на 7745.by (HTML: debug_7745_by.html, размер: 1261 байт)
06:51:58  WARNING     ✗ Цена не найдена
06:52:00  INFO      [3/5]  Z257998PG001  —  voltra.by
06:52:01  ERROR     HTTP 403 на voltra.by — геоблок. Запустите парсер локально с ПК.
06:52:01  WARNING     ✗ HTTP 403
06:52:03  INFO      [4/5]  Z257998PG001  —  21vek.by
06:52:05  INFO        ✓ 662.03 р.
06:52:07  INFO      [5/5]  Z257998PG001  —  amd.by
06:52:07  INFO      Warm-up: https://www.amd.by
06:52:09  WARNING   Цена не найдена на amd.by (HTML: debug_amd_by.html, размер: 1261 байт)
06:52:09  WARNING     ✗ Цена не найдена
06:52:11  INFO      CSV: результаты.csv
06:52:11  INFO      HTML: результаты.html
06:52:11  INFO      ✅ Дешевле: 0  🔴 Дороже: 2  ⚠️ Ошибок: 3
06:53:21  INFO      =======================================================
06:53:21  INFO      Старт  26.08.2026 06:53
06:53:21  INFO      =======================================================
06:53:21  INFO      Считано товаров: 1
06:53:21  INFO      [1/5]  Z257998PG001  —  tpro.by
06:53:22  INFO        ✓ 134.00 р.
06:53:24  INFO      [2/5]  Z257998PG001  —  7745.by
06:53:24  INFO      Warm-up: https://7745.by
06:53:27  WARNING   Цена не найдена на 7745.by (HTML: debug_7745_by.html, размер: 1261 байт)
06:53:27  WARNING     ✗ Цена не найдена
06:53:29  INFO      [3/5]  Z257998PG001  —  voltra.by
06:53:30  ERROR     HTTP 403 на voltra.by — геоблок. Запустите парсер локально с ПК.
06:53:30  WARNING     ✗ HTTP 403
06:53:32  INFO      [4/5]  Z257998PG001  —  21vek.by
06:53:33  INFO        ✓ 662.03 р.
06:53:35  INFO      [5/5]  Z257998PG001  —  amd.by
06:53:35  INFO      Warm-up: https://www.amd.by
06:53:38  WARNING   Цена не найдена на amd.by (HTML: debug_amd_by.html, размер: 1261 байт)
06:53:38  WARNING     ✗ Цена не найдена
06:53:40  INFO      CSV: результаты.csv
06:53:40  INFO      HTML: результаты.html
06:53:40  INFO      ✅ Дешевле: 0  🔴 Дороже: 2  ⚠️ Ошибок: 3
17:27:08  INFO      =======================================================
17:27:08  INFO      Старт  27.08.2026 17:27
17:27:08  INFO      =======================================================
17:27:08  INFO      Считано товаров: 1
17:27:08  INFO      [1/5]  Z257998PG001  —  tpro.by
17:27:09  INFO        ✓ 134.00 р.
17:27:11  INFO      [2/5]  Z257998PG001  —  7745.by
17:27:11  INFO      Warm-up: https://7745.by
17:27:14  WARNING   Цена не найдена на 7745.by (HTML: debug_7745_by.html, размер: 1261 байт)
17:27:14  WARNING     ✗ Цена не найдена
17:27:16  INFO      [3/5]  Z257998PG001  —  voltra.by
17:27:17  ERROR     HTTP 403 на voltra.by — геоблок. Запустите парсер локально с ПК.
17:27:17  WARNING     ✗ HTTP 403
17:27:19  INFO      [4/5]  Z257998PG001  —  21vek.by
17:27:21  INFO        ✓ 662.03 р.
17:27:23  INFO      [5/5]  Z257998PG001  —  amd.by
17:27:23  INFO      Warm-up: https://www.amd.by
17:27:25  WARNING   Цена не найдена на amd.by (HTML: debug_amd_by.html, размер: 1261 байт)
17:27:25  WARNING     ✗ Цена не найдена
17:27:27  INFO      CSV: результаты.csv
17:27:27  INFO      HTML: результаты.html
17:27:27  INFO      ✅ Дешевле: 0  🔴 Дороже: 2  ⚠️ Ошибок: 3
18:20:31  INFO      =======================================================
18:20:31  INFO      Старт  28.08.2026 18:20
18:20:31  INFO      =======================================================
18:20:31  INFO      Считано товаров: 1
18:20:31  INFO      [1/5]  Z257998PG001  —  tpro.by
18:20:32  INFO        ✓ 134.00 р.
18:20:34  INFO      [2/5]  Z257998PG001  —  7745.by
18:20:34  INFO      Warm-up: https://7745.by
18:20:37  WARNING   Цена не найдена на 7745.by (HTML: debug_7745_by.html, размер: 1261 байт)
18:20:37  WARNING     ✗ Цена не найдена
18:20:39  INFO      [3/5]  Z257998PG001  —  voltra.by
18:20:40  ERROR     HTTP 403 на voltra.by — геоблок. Запустите парсер локально с ПК.
18:20:40  WARNING     ✗ HTTP 403
18:20:42  INFO      [4/5]  Z257998PG001  —  21vek.by
18:20:44  WARNING   Цена не найдена на 21vek.by (HTML: debug_21vek_by.html, размер: 226671 байт)
18:20:44  WARNING     ✗ Цена не найдена
18:20:46  INFO      [5/5]  Z257998PG001  —  amd.by
18:20:46  INFO      Warm-up: https://www.amd.by
18:20:49  WARNING   Цена не найдена на amd.by (HTML: debug_amd_by.html, размер: 1261 байт)
18:20:49  WARNING     ✗ Цена не найдена
18:20:51  INFO      CSV: результаты.csv
18:20:51  INFO      HTML: результаты.html
18:20:51  INFO      ✅ Дешевле: 0  🔴 Дороже: 1  ⚠️ Ошибок: 4
12:28:44  INFO      =======================================================
12:28:44  INFO      Старт  29.08.2026 12:28
12:28:44  INFO      =======================================================
12:28:44  INFO      Считано товаров: 1
12:28:44  INFO      [1/5]  Z257998PG001  —  tpro.by
12:28:46  INFO        ✓ 134.00 р.
12:28:48  INFO      [2/5]  Z257998PG001  —  7745.by
12:28:48  INFO      Warm-up: https://7745.by
12:28:51  WARNING   Цена не найдена на 7745.by (HTML: debug_7745_by.html, размер: 1261 байт)
12:28:51  WARNING     ✗ Цена не найдена
12:28:53  INFO      [3/5]  Z257998PG001  —  voltra.by
12:28:55  WARNING   Цена не найдена на voltra.by (HTML: debug_voltra_by.html, размер: 1261 байт)
12:28:55  WARNING     ✗ Цена не найдена
12:28:57  INFO      [4/5]  Z257998PG001  —  21vek.by
12:29:00  WARNING   Цена не найдена на 21vek.by (HTML: debug_21vek_by.html, размер: 226512 байт)
12:29:00  WARNING     ✗ Цена не найдена
12:29:02  INFO      [5/5]  Z257998PG001  —  amd.by
12:29:02  INFO      Warm-up: https://www.amd.by
12:29:05  WARNING   Цена не найдена на amd.by (HTML: debug_amd_by.html, размер: 1261 байт)
12:29:05  WARNING     ✗ Цена не найдена
12:29:07  INFO      CSV: результаты.csv
12:29:07  INFO      HTML: результаты.html
12:29:07  INFO      ✅ Дешевле: 0  🔴 Дороже: 1  ⚠️ Ошибок: 4
